FID;OBJECTID;SHAPE;WC_ID;BEZIRK;STRASSE;ORTSANGABE;AKTIV;AKTIV_TXT;OEFFNUNGSZEIT;EINSCHRAENKUNGEN;PERSONALBETREUUNG;KATEGORIE;AUSSTATTUNG;ICON;ICON_TXT;KONTAKT;ABTEILUNG;INFORMATION;SE_ANNO_CAD_DATA
WCANLAGE2OGD.fid-2de9d1ee_17ea1d361b7_-6db3;104207;POINT (16.402272174385317 48.238928026209116);M45_MWC84;21;Neue Donau;Grillzone Brigittenauer Bucht;-1;JA;00:00-24:00 Uhr;Wintersperre;nein - gratis;unisex 1;;U;Damen und Herren;0043 1 4000 96530;MA 45;https://www.wien.gv.at/umwelt/gewaesser/;
WCANLAGE2OGD.fid-2de9d1ee_17ea1d361b7_-6db2;104208;POINT (16.464809803131995 48.1913379495753);M45_FWC23;22;Donauinsel;zw. ND-km 6,7 - 6,6;-1;JA;00:00-24:00 Uhr;ganzjährig ohne Einschränkungen;nein - gratis;Damen 1;;;;;;;
WCANLAGE2OGD.fid-2de9d1ee_17ea1d361b7_-6db1;104209;POINT (16.40232774077596 48.238927994232085);M45_MWC85;21;Neue Donau;Grillzone Brigittenauer Bucht;-1;JA;00:00-24:00 Uhr;Wintersperre;nein - gratis;unisex 1;;U;Damen und Herren;0043 1 4000 96530;MA 45;https://www.wien.gv.at/umwelt/gewaesser/;
WCANLAGE2OGD.fid-2de9d1ee_17ea1d361b7_-6db0;104210;POINT (16.48033090400128 48.18436154306288);M45_MWC14;22;Neue Donau;zw. ND-km 5,3 - 5,2;-1;JA;00:00-24:00 Uhr;ganzjährig ohne Einschränkungen;nein - gratis;unisex 1;;U;Damen und Herren;0043 1 4000 96530;MA 45;https://www.wien.gv.at/umwelt/gewaesser/;
WCANLAGE2OGD.fid-2de9d1ee_17ea1d361b7_-6daf;104211;POINT (16.486894466486557 48.180218385158454);M45_MWC59;22;Neue Donau;zw. ND-km 4,6 - 4,5;-1;JA;00:00-24:00 Uhr;Wintersperre;nein - gratis;unisex 1;;U;Damen und Herren;0043 1 4000 96530;MA 45;https://www.wien.gv.at/umwelt/gewaesser/;
WCANLAGE2OGD.fid-2de9d1ee_17ea1d361b7_-6dae;104212;POINT (16.497452933457517 48.17342902783757);M45_MWC15;22;Neue Donau;zw. ND-km 3,5 - 3,4;-1;JA;00:00-24:00 Uhr;ganzjährig ohne Einschränkungen;nein - gratis;unisex 1;;U;Damen und Herren;0043 1 4000 96530;MA 45;https://www.wien.gv.at/umwelt/gewaesser/;
WCANLAGE2OGD.fid-2de9d1ee_17ea1d361b7_-6dad;104213;POINT (16.41776619281217 48.226189157854876);M45_MWC73;22;Neue Donau;Radmotorikpark;-1;JA;00:00-24:00 Uhr;Wintersperre;nein - gratis;unisex 1;;U;Damen und Herren;0043 1 4000 96530;MA 45;https://www.wien.gv.at/umwelt/gewaesser/;
WCANLAGE2OGD.fid-2de9d1ee_17ea1d361b7_-6dac;104214;POINT (16.417817511495855 48.226213867973996);M45_MWC74;22;Neue Donau;Radmotorikpark;-1;JA;00:00-24:00 Uhr;Wintersperre;nein - gratis;unisex 1;;U;Damen und Herren;0043 1 4000 96530;MA 45;https://www.wien.gv.at/umwelt/gewaesser/;
WCANLAGE2OGD.fid-2de9d1ee_17ea1d361b7_-6dab;104215;POINT (16.419989608396726 48.224762324468045);M45_MWC03;22;Neue Donau;Kaisermühlen Kinderspielplatz;-1;JA;00:00-24:00 Uhr;ganzjährig ohne Einschränkungen;nein - gratis;unisex 1;;U;Damen und Herren;0043 1 4000 96530;MA 45;https://www.wien.gv.at/umwelt/gewaesser/;
WCANLAGE2OGD.fid-2de9d1ee_17ea1d361b7_-6daa;104216;POINT (16.429103435891932 48.21957955102417);M45_MWC30;22;Schnitterweg;ggü. Strombucht;-1;JA;00:00-24:00 Uhr;Wintersperre;nein - gratis;unisex 1;;U;Damen und Herren;0043 1 4000 96530;MA 45;https://www.wien.gv.at/umwelt/gewaesser/;
WCANLAGE2OGD.fid-2de9d1ee_17ea1d361b7_-6da9;104217;POINT (16.43224679019324 48.21614533512777);M45_MWC04;22;Neue Donau;Grillplatz Nr. 8;-1;JA;00:00-24:00 Uhr;ganzjährig ohne Einschränkungen;nein - gratis;unisex 1;;U;Damen und Herren;0043 1 4000 96530;MA 45;https://www.wien.gv.at/umwelt/gewaesser/;
WCANLAGE2OGD.fid-2de9d1ee_17ea1d361b7_-6da8;104218;POINT (16.43082990877495 48.214479284904684);M45_MWC19;22;Donauinsel;Grillplatz Nr. 9 und 10;-1;JA;00:00-24:00 Uhr;ganzjährig ohne Einschränkungen;nein - gratis;unisex 1;;U;Damen und Herren;0043 1 4000 96530;MA 45;https://www.wien.gv.at/umwelt/gewaesser/;
WCANLAGE2OGD.fid-2de9d1ee_17ea1d361b7_-6da7;104219;POINT (16.43784064949649 48.215093325447356);M45_MWC29;22;An der unteren Alten Donau;ggü. 273;-1;JA;00:00-24:00 Uhr;Wintersperre;nein - gratis;unisex 1;;U;Damen und Herren;0043 1 4000 96530;MA 45;https://www.wien.gv.at/umwelt/gewaesser/;
WCANLAGE2OGD.fid-2de9d1ee_17ea1d361b7_-6da6;104220;POINT (16.43786999489534 48.21502881186946);M45_MWC67;22;An der unteren Alten Donau;ggü. 273;-1;JA;00:00-24:00 Uhr;Wintersperre;nein - gratis;unisex 1;;U;Damen und Herren;0043 1 4000 96530;MA 45;https://www.wien.gv.at/umwelt/gewaesser/;
WCANLAGE2OGD.fid-2de9d1ee_17ea1d361b7_-6da5;104221;POINT (16.439029793312862 48.211734483969856);M45_BKZ03;22;Neue Donau;Barbados Inseltreff;-1;JA;11:00-23:00 Uhr;Wintersperre;11 - 23 Uhr - gratis;;;U;Damen und Herren;0043 1 4000 96530;MA 45;https://www.wien.gv.at/umwelt/gewaesser/;
WCANLAGE2OGD.fid-2de9d1ee_17ea1d361b7_-6da4;104222;POINT (16.447001783826824 48.20609394787114);M45_MWC05;22;Neue Donau;Hundebadebereich - Hundeauslaufzone;-1;JA;00:00-24:00 Uhr;ganzjährig ohne Einschränkungen;nein - gratis;unisex 1;;U;Damen und Herren;0043 1 4000 96530;MA 45;https://www.wien.gv.at/umwelt/gewaesser/;
WCANLAGE2OGD.fid-2de9d1ee_17ea1d361b7_-6da3;104223;POINT (16.450550578600705 48.204069846589185);M45_MWC09;22;Neue Donau;Grillzone Steinspornbrücke;-1;JA;00:00-24:00 Uhr;Wintersperre;nein - gratis;unisex 1;;U;Damen und Herren;0043 1 4000 96530;MA 45;https://www.wien.gv.at/umwelt/gewaesser/;
WCANLAGE2OGD.fid-2de9d1ee_17ea1d361b7_-6da2;104224;POINT (16.452013053235245 48.20309379006931);M45_MWC06;22;Neue Donau;Grillzone Steinspornbrücke;-1;JA;00:00-24:00 Uhr;ganzjährig ohne Einschränkungen;nein - gratis;unisex 1;;U;Damen und Herren;0043 1 4000 96530;MA 45;https://www.wien.gv.at/umwelt/gewaesser/;
WCANLAGE2OGD.fid-2de9d1ee_17ea1d361b7_-6da1;104225;POINT (16.451987241863467 48.20311217126481);M45_MWC07;22;Neue Donau;Grillzone Steinspornbrücke;-1;JA;00:00-24:00 Uhr;Wintersperre;nein - gratis;unisex 1;;U;Damen und Herren;0043 1 4000 96530;MA 45;https://www.wien.gv.at/umwelt/gewaesser/;
WCANLAGE2OGD.fid-2de9d1ee_17ea1d361b7_-6da0;104226;POINT (16.450729066989666 48.20396009262348);M45_MWC08;22;Neue Donau;Grillzone Steinspornbrücke;-1;JA;00:00-24:00 Uhr;Wintersperre;nein - gratis;unisex 1;;U;Damen und Herren;0043 1 4000 96530;MA 45;https://www.wien.gv.at/umwelt/gewaesser/;
WCANLAGE2OGD.fid-2de9d1ee_17ea1d361b7_-6d9f;104227;POINT (16.45835394531293 48.198880952017916);M45_MWC10;22;Neue Donau;Grillzone Steinspornbrücke;-1;JA;00:00-24:00 Uhr;Wintersperre;nein - gratis;unisex 1;;U;Damen und Herren;0043 1 4000 96530;MA 45;https://www.wien.gv.at/umwelt/gewaesser/;
WCANLAGE2OGD.fid-2de9d1ee_17ea1d361b7_-6d9e;104228;POINT (16.461313028540793 48.19680487611404);M45_MWC12;22;Neue Donau;Grillzone Steinspornbrücke;-1;JA;00:00-24:00 Uhr;Wintersperre;nein - gratis;unisex 1;;U;Damen und Herren;0043 1 4000 96530;MA 45;https://www.wien.gv.at/umwelt/gewaesser/;
WCANLAGE2OGD.fid-2de9d1ee_17ea1d361b7_-6d9d;104229;POINT (16.46320757019799 48.19553575966242);M45_MWC13;22;Neue Donau;Grillzone Steinspornbrücke;-1;JA;00:00-24:00 Uhr;Wintersperre;nein - gratis;unisex 1;;U;Damen und Herren;0043 1 4000 96530;MA 45;https://www.wien.gv.at/umwelt/gewaesser/;
WCANLAGE2OGD.fid-2de9d1ee_17ea1d361b7_-6d9c;104230;POINT (16.46019391042099 48.19762661349885);M45_MWC11;22;Neue Donau;Grillzone Steinspornbrücke;-1;JA;00:00-24:00 Uhr;ganzjährig ohne Einschränkungen;nein - gratis;unisex 1;;U;Damen und Herren;0043 1 4000 96530;MA 45;https://www.wien.gv.at/umwelt/gewaesser/;
WCANLAGE2OGD.fid-2de9d1ee_17ea1d361b7_-6d9b;104231;POINT (16.465489428657396 48.19046574639912);M45_MWC61;22;Donauinsel;Grillplatz Nr. 15;-1;JA;00:00-24:00 Uhr;ganzjährig ohne Einschränkungen;nein - gratis;unisex 1;;U;Damen und Herren;0043 1 4000 96530;MA 45;https://www.wien.gv.at/umwelt/gewaesser/;
WCANLAGE2OGD.fid-2de9d1ee_17ea1d361b7_-6d9a;104232;POINT (16.474801147010666 48.18784691122865);M45_BKZ04;22;Neue Donau;MOSQUITO;-1;JA;9:00-21:00 Uhr;Wintersperre;9 - 21 Uhr - gratis;;;U;Damen und Herren;0043 1 4000 96530;MA 45;https://www.wien.gv.at/umwelt/gewaesser/;
WCANLAGE2OGD.fid-2de9d1ee_17ea1d361b7_-6d99;104233;POINT (16.417182759010174 48.22266949372708);M45_FWC14;22;Donauinsel;zw. ND-km 11,6 - 11,5;-1;JA;00:00-24:00 Uhr;ganzjährig ohne Einschränkungen;nein - gratis;Damen 1;;;;;;;
WCANLAGE2OGD.fid-2de9d1ee_17ea1d361b7_-6d98;104234;POINT (16.38475247990173 48.25015969463302);M45_FWC01;21;Donauinsel;zw. ND-km 15,5 - 15,4;-1;JA;00:00-24:00 Uhr;Wintersperre;nein - gratis;Damen 1;;;;;;;
WCANLAGE2OGD.fid-2de9d1ee_17ea1d361b7_-6d97;104382;POINT (16.33932516079824 48.22706641069432);M48_0117;18;Schubertpark / Währinger Straße;;-1;JA;00:00-24:00 Uhr;ganzjährig ohne Einschränkungen;nein - gratis;Unisex 1;;;;;;;
WCANLAGE2OGD.fid-2de9d1ee_17ea1d361b7_-6d96;104383;POINT (16.36736236492112 48.257782248748974);M48_0124;19;Nußdorfer Markt / Sickenberggasse;;-1;JA;00:00-24:00 Uhr;ganzjährig ohne Einschränkungen;nein - gratis;Unisex 2;;;;;;;
WCANLAGE2OGD.fid-2de9d1ee_17ea1d361b7_-6d95;104384;POINT (16.367475392954116 48.260352889114486);M48_0125;19;Nußdorfer Platz  / Heiligenstädter Straße;;-1;JA;00:00-24:00 Uhr;ganzjährig ohne Einschränkungen;nein - gratis;Unisex 2;;;;;;;
WCANLAGE2OGD.fid-2de9d1ee_17ea1d361b7_-6d94;104385;POINT (16.32132338655281 48.251987133907605);M48_0126;19;Sieveringer Straße;ggü. ONr. 177, Pfarrkirche;-1;JA;00:00-24:00 Uhr;ganzjährig ohne Einschränkungen;nein - gratis;Pissoir;keine;M;Herren;+43 (1) 546 48;MA 48;https://www.wien.gv.at/umwelt/ma48/sauberestadt/wc/;
WCANLAGE2OGD.fid-2de9d1ee_17ea1d361b7_-6d93;104386;POINT (16.291722363566894 48.233305013658445);M48_0111;17;Neuwaldegg / Rudolf-Kirchschläger-Platz;;-1;JA;00:00-24:00 Uhr;ganzjährig ohne Einschränkungen;nein - gratis;Unisex 1;;;;;;;
WCANLAGE2OGD.fid-2de9d1ee_17ea1d361b7_-6d92;104387;POINT (16.420515552024494 48.29787686396407);M48_0144;21;Stammersdorf / Bahnhofplatz;Endstelle Linie 31;-1;JA;00:00-24:00 Uhr;ganzjährig ohne Einschränkungen;nein - gratis;Unisex 2;;;;;;;
WCANLAGE2OGD.fid-2de9d1ee_17ea1d361b7_-6d91;104388;POINT (16.386664642111402 48.29154054299549);M48_0145;21;Strebersdorf / Rußbergstraße;Endstelle Linie 26;-1;JA;00:00-24:00 Uhr;ganzjährig ohne Einschränkungen;nein - gratis;Unisex 2;;;;;;;
WCANLAGE2OGD.fid-2de9d1ee_17ea1d361b7_-6d90;104389;POINT (16.361990043818917 48.197993534017044);M48_0039;6;Linke Wienzeile;ggü. ONr. 26;-1;JA;00:00-24:00 Uhr;ganzjährig ohne Einschränkungen;Mo-Sa: 6-22 Uhr;barrierefrei 1;;;;;;;
WCANLAGE2OGD.fid-2de9d1ee_17ea1d361b7_-6d8f;104390;POINT (16.359537499508182 48.19727260406461);M48_0040;6;Linke Wienzeile;ggü. ONr. 38;-1;JA;00:00-24:00 Uhr;ganzjährig ohne Einschränkungen;Mo-Fr: 6-18.30 Uhr;;;;;;;;
WCANLAGE2OGD.fid-2de9d1ee_17ea1d361b7_-6d8e;104392;POINT (16.38934231803231 48.17702445144174);M48_0202;10;Mistplatz Favoriten;Eva-Zilcher-Gasse 3;-1;JA;Mo-Sa 7:00-18:00 Uhr;ganzjährig ohne Einschränkungen;nein - gratis;Unisex 1;;;;;;;
WCANLAGE2OGD.fid-2de9d1ee_17ea1d361b7_-6d8d;104393;POINT (16.368066631309027 48.2553389957729);M48_0529;19;Mistplatz Heiligenstadt;Grinzinger Straße 151;-1;JA;Mo-Fr 7:00-18:00 Uhr, Sa 8:00-18:00 Uhr;ganzjährig ohne Einschränkungen;nein - gratis;Pissoir;;;;;;;
WCANLAGE2OGD.fid-2de9d1ee_17ea1d361b7_-6d8c;104394;POINT (16.455295099633506 48.17722091787095);M48_0216;11;Mistplatz Simmering;Johann-Petrak-Gasse .1-3;-1;JA;Mo-Sa 7:00-18:00 Uhr;ganzjährig ohne Einschränkungen;nein - gratis;Unisex 1;Defibrilator, Feuerlöscher, Erste Hilfe Kasten;B;Barrierefrei;+43 (1) 546 48;MA 48;https://www.wien.gv.at/umwelt/ma48/sauberestadt/wc/;
WCANLAGE2OGD.fid-2de9d1ee_17ea1d361b7_-6d8b;104395;POINT (16.327748810715946 48.210116784435776);M48_0100;16;Richard-Wagner-Platz / Thaliastraße;;-1;JA;00:00-24:00 Uhr;ganzjährig ohne Einschränkungen;nein - gratis;Unisex 1;;;;;;;
WCANLAGE2OGD.fid-2de9d1ee_17ea1d361b7_-6d8a;104396;POINT (16.416093602615536 48.20428009303588);M48_0018;2;Stadionallee / Pierre-de-Coubertin-Platz;;-1;JA;00:00-24:00 Uhr;ganzjährig ohne Einschränkungen;Apr-Okt: Sa, So, FT, Fenstertag: 14-20 Uhr;Unisex 3;;;;;;;
WCANLAGE2OGD.fid-2de9d1ee_17ea1d361b7_-6d89;104397;POINT (16.391569143219535 48.218779753078955);WL_003;2;SANIFAIR U-Bahn Station Praterstern;;-1;JA;00:00-24:00 Uhr;vorübergehend geschlossen, Nacht/Barrierefreies-WC geöffnet;vorübergehend geschlossen, Nacht/Barrierefreies - WC 24/7 geöffnet;Damen 3;;;;;;;
WCANLAGE2OGD.fid-2de9d1ee_17ea1d361b7_-6d88;104398;POINT (16.410656513748545 48.171764991342535);M48_0067;11;Herder-Park;Herderplatz ggü. ONr. 5;-1;JA;00:00-24:00 Uhr;ganzjährig ohne Einschränkungen;nein - gratis;Unisex 1;;;;;;;
WCANLAGE2OGD.fid-2de9d1ee_17ea1d361b7_-6d87;104399;POINT (16.411220066898736 48.18168960636816);M48_0068;11;Hybler-Park / Pachmayergasse;;-1;JA;00:00-24:00 Uhr;ganzjährig ohne Einschränkungen;nein - gratis;barrierefrei 1;;;;;;;
WCANLAGE2OGD.fid-2de9d1ee_17ea1d361b7_-6d86;104400;POINT (16.33359802584002 48.20921526721499);M48_0096;16;Hofferplatz / Thaliastraße;;-1;JA;00:00-24:00 Uhr;ganzjährig ohne Einschränkungen;nein - gratis;Unisex 1;;;;;;;
WCANLAGE2OGD.fid-2de9d1ee_17ea1d361b7_-6d85;104401;POINT (16.30893270088187 48.21285882684514);M48_0101;16;Stillfriedplatz;Thaliastraße/Ecke Roseggergasse;-1;JA;00:00-24:00 Uhr;ganzjährig ohne Einschränkungen;nein - gratis;Unisex 1;;;;;;;
WCANLAGE2OGD.fid-2de9d1ee_17ea1d361b7_-6d84;104402;POINT (16.335800359124004 48.213304986234704);M48_0102;16;Yppenplatz;;-1;JA;00:00-24:00 Uhr;Sonn- und Feiertag geschlossen;Mo-Sa: 6:00-19:30;Unisex 1;;;;;;;
WCANLAGE2OGD.fid-2de9d1ee_17ea1d361b7_-6d83;104403;POINT (16.33462933361015 48.221469368637194);M48_0107;17;Dornerplatz;ggü. ONr. 9;-1;JA;00:00-24:00 Uhr;ganzjährig ohne Einschränkungen;nein - gratis;Unisex 1;;;;;;;
WCANLAGE2OGD.fid-2de9d1ee_17ea1d361b7_-6d82;104404;POINT (16.336983283243477 48.22337472269939);M48_0114;18;Johann-Nepomuk-Vogel-Platz;Markt;-1;JA;00:00-24:00 Uhr;ganzjährig ohne Einschränkungen;nein - gratis;Unisex 1;;;;;;;
WCANLAGE2OGD.fid-2de9d1ee_17ea1d361b7_-6d81;104405;POINT (16.32120305282703 48.26407022275637);M48_0120;19;Am Cobenzl;Parkplatz bei Bushaltestelle 38A;-1;JA;00:00-24:00 Uhr;ganzjährig ohne Einschränkungen;nein - gratis;Unisex 1;;;;;;;
WCANLAGE2OGD.fid-2de9d1ee_17ea1d361b7_-6d80;104407;POINT (16.344834310084767 48.27861540020399);M48_0749;19;Leopoldsberg;Endstelle Linie 38A;-1;JA;00:00-24:00 Uhr;ganzjährig ohne Einschränkungen;nein - gratis;barrierefrei 1, Pissoir;keine;B;Barrierefrei;+43 (1) 546 48;MA 48;https://www.wien.gv.at/umwelt/ma48/sauberestadt/wc/;
WCANLAGE2OGD.fid-2de9d1ee_17ea1d361b7_-6d7f;104408;POINT (16.355606894386472 48.20653165140921);M48_0047;7;Weghuberpark;Museumstraße ggü. Justizpalast;-1;JA;00:00-24:00 Uhr;ganzjährig ohne Einschränkungen;nein - gratis;Unisex 2;;;;;;;
WCANLAGE2OGD.fid-2de9d1ee_17ea1d361b7_-6d7e;104409;POINT (16.3344834972979 48.20573178609109);M48_0099;16;Ludo-Hartmann-Platz / Brunnengasse;;-1;JA;00:00-24:00 Uhr;ganzjährig ohne Einschränkungen;nein - gratis;Unisex 1;;;;;;;
WCANLAGE2OGD.fid-2de9d1ee_17ea1d361b7_-6d7d;104410;POINT (16.398357737150704 48.146734121862934);M48_0063;10;WIG 74;Eingang West;-1;JA;00:00-24:00 Uhr;ganzjährig ohne Einschränkungen;nein - gratis;Unisex 1;;;;;;;
WCANLAGE2OGD.fid-2de9d1ee_17ea1d361b7_-6d7c;104411;POINT (16.412811465155954 48.17430075706636);M48_0066;11;Geiselbergstraße / Gottschalkgasse;;-1;JA;00:00-24:00 Uhr;ganzjährig ohne Einschränkungen;nein - gratis;barrierefrei 1;Euro Key;B;Barrierefrei;+43 (1) 546 48;MA 48;https://www.wien.gv.at/umwelt/ma48/sauberestadt/wc/;
WCANLAGE2OGD.fid-2de9d1ee_17ea1d361b7_-6d7b;104412;POINT (16.362026767125673 48.19836723066881);M48_0037;6;Alfred-Grünwald-Park;Eingang Linke Wienzeile;-1;JA;00:00-24:00 Uhr;ganzjährig ohne Einschränkungen;nein - gratis;Unisex 1;;;;;;;
WCANLAGE2OGD.fid-2de9d1ee_17ea1d361b7_-6d7a;104413;POINT (16.344052581181476 48.18764086227476);M48_0033;5;Bruno-Kreisky-Park;;-1;JA;00:00-24:00 Uhr;ganzjährig ohne Einschränkungen;Dez-Feb: Mo-So: 12-18 Uhr;;;;;;;;
WCANLAGE2OGD.fid-2de9d1ee_17ea1d361b7_-6d79;104414;POINT (16.381182737174715 48.20318051413543);M48_0028;3;Stadtpark;ggü. Reisnerstraße;-1;JA;00:00-24:00 Uhr;ganzjährig ohne Einschränkungen;Mo-So: 10-20 Uhr;Unisex 3;;;;;;;
WCANLAGE2OGD.fid-2de9d1ee_17ea1d361b7_-6d78;104415;POINT (16.269308780874166 48.151296931094976);M48_0164;23;Mauer;Rathauspark/Speisinger Straße ggü. ONr. 262;-1;JA;00:00-24:00 Uhr;ganzjährig ohne Einschränkungen;nein - gratis;Unisex 2;;;;;;;
WCANLAGE2OGD.fid-2de9d1ee_17ea1d361b7_-6d77;104416;POINT (16.401187806367087 48.19779490230907);M48_0024;3;Kardinal-Nagl-Platz;Erdbergstraße/Rüdengasse;-1;JA;00:00-24:00 Uhr;ganzjährig ohne Einschränkungen;nein - gratis;Unisex 2;;;;;;;
WCANLAGE2OGD.fid-2de9d1ee_17ea1d361b7_-6d76;104417;POINT (16.386148630811498 48.23778294001154);M48_0131;20;Allerheiligenplatz;ggü. ONr. 16;-1;JA;00:00-24:00 Uhr;ganzjährig ohne Einschränkungen;nein - gratis;Unisex 1;;;;;;;
WCANLAGE2OGD.fid-2de9d1ee_17ea1d361b7_-6d75;104418;POINT (16.36966308440989 48.22595096915129);M48_0134;20;Gaußplatz;im Park;-1;JA;00:00-24:00 Uhr;ganzjährig ohne Einschränkungen;nein - gratis;Unisex 1;;;;;;;
WCANLAGE2OGD.fid-2de9d1ee_17ea1d361b7_-6d74;104419;POINT (16.423629423052255 48.22644914360939);M48_0154;22;Schüttauplatz / Moissigasse;;-1;JA;00:00-24:00 Uhr;ganzjährig ohne Einschränkungen;nein - gratis;Unisex 1;;;;;;;
WCANLAGE2OGD.fid-2de9d1ee_17ea1d361b7_-6d73;104420;POINT (16.337786347392534 48.201099815182715);M48_0046;7;Urban-Loritz-Platz;Haltestelle Linie 49;-1;JA;00:00-24:00 Uhr;ganzjährig ohne Einschränkungen;Okt-Apr: Mo-So: 10-19 Uhr;;;;;;;;
WCANLAGE2OGD.fid-2de9d1ee_17ea1d361b7_-6d72;104421;POINT (16.380443476129148 48.2068942659636);M48_0003;1;Parkring / Wollzeile;;-1;JA;00:00-24:00 Uhr;ganzjährig ohne Einschränkungen;nein - gratis;Unisex 2;;;;;;;
WCANLAGE2OGD.fid-2de9d1ee_17ea1d361b7_-6d71;104422;POINT (16.35922343662553 48.21155940520654);M48_0005;1;Rathauspark / Felderstraße;;-1;JA;00:00-24:00 Uhr;ganzjährig ohne Einschränkungen;Mo-So: 9-17 Uhr;Unisex 1;;;;;;;
WCANLAGE2OGD.fid-2de9d1ee_17ea1d361b7_-6d70;104423;POINT (16.35846856242791 48.209817388529174);M48_0006;1;Rathauspark / Lichtenfelsgasse;;-1;JA;00:00-24:00 Uhr;ganzjährig ohne Einschränkungen;Mo-So: 9-17 Uhr;Unisex 1;;;;;;;
WCANLAGE2OGD.fid-2de9d1ee_17ea1d361b7_-6d6f;104424;POINT (16.36429733039635 48.183168441491205);M48_0035;5;Kliebergasse;Abgang zur Straßenbahnlinie 18;-1;JA;00:00-24:00 Uhr;ganzjährig ohne Einschränkungen;nein - gratis;barrierefrei 1;;;;;;;
WCANLAGE2OGD.fid-2de9d1ee_17ea1d361b7_-6d6e;104425;POINT (16.368700763780673 48.20123883572319);WL_004;4;SANIFAIR U-Bahn Station Karlsplatz;;-1;JA;00:00-24:00 Uhr;ganzjährig ohne Einschränkungen;10:00-18:00 Uhr, Nacht/Barrierefreies - WC 24/7 geöffnet;Damen 5;;;;;;;
WCANLAGE2OGD.fid-2de9d1ee_17ea1d361b7_-6d6d;104427;POINT (16.47962035879755 48.24201013658738);M48_0151;22;Badeteich Hirschstetten;Ziegelhofstraße ggü. ONr. 36;-1;JA;00:00-24:00 Uhr;ganzjährig ohne Einschränkungen;nein - gratis;Unisex 1;;;;;;;
WCANLAGE2OGD.fid-2de9d1ee_17ea1d361b7_-6d6c;104428;POINT (16.33946612128635 48.181678755258666);M48_0073;12;Steinbauerpark / Steinbauergasse;;-1;JA;00:00-24:00 Uhr;ganzjährig ohne Einschränkungen;nein - gratis;Unisex 1;;;;;;;
WCANLAGE2OGD.fid-2de9d1ee_17ea1d361b7_-6d6b;104429;POINT (16.36749292309287 48.187047071092444);M48_0030;4;Alois-Drasche-Park / Seisgasse;;-1;JA;00:00-24:00 Uhr;ganzjährig ohne Einschränkungen;nein - gratis;Unisex 1;;;;;;;
WCANLAGE2OGD.fid-2de9d1ee_17ea1d361b7_-6d6a;104430;POINT (16.36434434367749 48.18017757690258);M48_0061;10;Waldmüllerpark / Dampfgasse;;-1;JA;00:00-24:00 Uhr;ganzjährig ohne Einschränkungen;nein - gratis;Unisex 1;;;;;;;
WCANLAGE2OGD.fid-2de9d1ee_17ea1d361b7_-6d69;104431;POINT (16.30254312440256 48.185731654586995);M48_0075;13;Am Platz;;-1;JA;00:00-24:00 Uhr;ganzjährig ohne Einschränkungen;nein - gratis;Unisex 1;;;;;;;
WCANLAGE2OGD.fid-2de9d1ee_17ea1d361b7_-6d68;104432;POINT (16.260529676479536 48.19602905278508);M48_0077;13;Lilienberggasse / Hietzinger Kai;;-1;JA;00:00-24:00 Uhr;ganzjährig ohne Einschränkungen;nein - gratis;Pissoir;keine;M;Herren;+43 (1) 546 48;MA 48;https://www.wien.gv.at/umwelt/ma48/sauberestadt/wc/;
WCANLAGE2OGD.fid-2de9d1ee_17ea1d361b7_-6d67;104433;POINT (16.378195801884033 48.171945498756756);M48_0056;10;Antonsplatz / Schröttergasse;;-1;JA;00:00-24:00 Uhr;ganzjährig ohne Einschränkungen;nein - gratis;Pissoir;keine;M;Herren;+43 (1) 546 48;MA 48;https://www.wien.gv.at/umwelt/ma48/sauberestadt/wc/;
WCANLAGE2OGD.fid-2de9d1ee_17ea1d361b7_-6d66;104434;POINT (16.29239592372937 48.182678043466915);M48_0074;13;Alois-Krauß-Promenade / Gloriettegasse;;-1;JA;00:00-24:00 Uhr;ganzjährig ohne Einschränkungen;nein - gratis;Pissoir;keine;M;Herren;+43 (1) 546 48;MA 48;https://www.wien.gv.at/umwelt/ma48/sauberestadt/wc/;
WCANLAGE2OGD.fid-2de9d1ee_17ea1d361b7_-6d65;104435;POINT (16.281806950061938 48.13560708562521);M48_0163;23;Liesinger Anger;Breitenfurter Str. - Lehmang. ggü. ONr. 3a;-1;JA;00:00-24:00 Uhr;ganzjährig ohne Einschränkungen;nein - 0,50 €;Unisex 1;;;;;;;
WCANLAGE2OGD.fid-2de9d1ee_17ea1d361b7_-6d64;104436;POINT (16.38636301610501 48.222819193159744);M48_0019;2;Volkertmarkt;;-1;JA;00:00-24:00 Uhr;ganzjährig ohne Einschränkungen;nein - gratis;Unisex 1;;;;;;;
WCANLAGE2OGD.fid-2de9d1ee_17ea1d361b7_-6d63;104235;POINT (16.501763161114553 48.17081534430828);M45_FWC06;22;Neue Donau;zw. ND-km 3,1 - 3,0;-1;JA;00:00-24:00 Uhr;Wintersperre;nein - gratis;Damen 1;;;;;;;
WCANLAGE2OGD.fid-2de9d1ee_17ea1d361b7_-6d62;104236;POINT (16.402536017595036 48.239047593939596);M45_FWC10;21;Neue Donau;Grillzone Brigittenauer Bucht;-1;JA;00:00-24:00 Uhr;Wintersperre;nein - gratis;Damen 1;;;;;;;
WCANLAGE2OGD.fid-2de9d1ee_17ea1d361b7_-6d61;104237;POINT (16.35044615440814 48.297780583847555);M45_FWC13;21;Neue Donau;zw. ND-km 21,4 - 21,3;-1;JA;00:00-24:00 Uhr;Wintersperre;nein - gratis;Damen 1;;;;;;;
WCANLAGE2OGD.fid-2de9d1ee_17ea1d361b7_-6d60;104238;POINT (16.508577784142854 48.16663761434263);M45_FWC05;22;Neue Donau;zw. ND-km 2,4 - 2,3;-1;JA;00:00-24:00 Uhr;Wintersperre;nein - gratis;Unisex 1;;;;;;;
WCANLAGE2OGD.fid-2de9d1ee_17ea1d361b7_-6d5f;104240;POINT (16.491254679123948 48.17725520059885);M45_FWC07;22;Neue Donau;zw. ND-km 4,2 - 4,1;-1;JA;00:00-24:00 Uhr;Wintersperre;nein - gratis;Unisex 1;;;;;;;
WCANLAGE2OGD.fid-2de9d1ee_17ea1d361b7_-6d5e;104241;POINT (16.36571327297427 48.27910190392547);M45_FWC12;21;Neue Donau;zw. ND-km 19,0 - 18,9;-1;JA;00:00-24:00 Uhr;Wintersperre;nein - gratis;Damen 1;;;;;;;
WCANLAGE2OGD.fid-2de9d1ee_17ea1d361b7_-6d5d;104242;POINT (16.50615114019845 48.16484841129299);M45_FWC04;22;Donauinsel;zw. ND-km 2,4 - 2,3;-1;JA;00:00-24:00 Uhr;Wintersperre;nein - gratis;Unisex 1;;;;;;;
WCANLAGE2OGD.fid-2de9d1ee_17ea1d361b7_-6d5c;104243;POINT (16.401090299579636 48.2346754136223);M45_FWC02;22;Donauinsel;zw. ND-km 13,4 - 13,3;-1;JA;00:00-24:00 Uhr;Wintersperre;nein - gratis;Damen 1;;;;;;;
WCANLAGE2OGD.fid-2de9d1ee_17ea1d361b7_-6d5b;104244;POINT (16.418053238229337 48.227306253422356);M45_FWC19;22;Am Kaisermühlendamm / Jungmaisgasse;;-1;JA;00:00-24:00 Uhr;ganzjährig ohne Einschränkungen;nein - gratis;Damen 1;;;;;;;
WCANLAGE2OGD.fid-2de9d1ee_17ea1d361b7_-6d5a;104245;POINT (16.42826497334918 48.218658127614596);M45_FWC09;22;Neue Donau;Grillplatz Nr. 6;-1;JA;00:00-24:00 Uhr;Wintersperre;nein - gratis;Unisex 1;;;;;;;
WCANLAGE2OGD.fid-2de9d1ee_17ea1d361b7_-6d59;104246;POINT (16.423637272385395 48.223133688464934);M45_FWC18;22;Am Kaisermühlendamm / Berchtoldgasse;;-1;JA;00:00-24:00 Uhr;ganzjährig ohne Einschränkungen;nein - gratis;Damen 1;;;;;;;
WCANLAGE2OGD.fid-2de9d1ee_17ea1d361b7_-6d58;104247;POINT (16.37554968845909 48.26774325138784);M45_FWC11;21;Neue Donau;Grillplatz Nr. 1 und 13;-1;JA;00:00-24:00 Uhr;Wintersperre;nein - gratis;Damen 1;;;;;;;
WCANLAGE2OGD.fid-2de9d1ee_17ea1d361b7_-6d57;104248;POINT (16.464153946076046 48.19489619216846);M45_FWC08;22;Neue Donau;zw. ND.km 7,0 - 6,9;-1;JA;00:00-24:00 Uhr;Wintersperre;nein - gratis;Damen 2;;;;;;;
WCANLAGE2OGD.fid-2de9d1ee_17ea1d361b7_-6d56;104249;POINT (16.433241146428646 48.21236827520972);M45_FWC03;22;Donauinsel;zw. ND-km 10,0 - 9,9;-1;JA;00:00-24:00 Uhr;Wintersperre;nein - gratis;Damen 1;;;;;;;
WCANLAGE2OGD.fid-2de9d1ee_17ea1d361b7_-6d55;104250;POINT (16.40278029701518 48.22811396726042);M45_FWC17;2;Handelskai 131-147;;-1;JA;00:00-24:00 Uhr;ganzjährig ohne Einschränkungen;nein - gratis;Damen 1;;;;;;;
WCANLAGE2OGD.fid-2de9d1ee_17ea1d361b7_-6d54;104251;POINT (16.391331697699673 48.24405933551083);M45_FWC20;21;Donauinsel;zw. ND-km 14,7 - 14,6;-1;JA;00:00-24:00 Uhr;Wintersperre;nein - 0,50 €;Damen 1;;;;;;;
WCANLAGE2OGD.fid-2de9d1ee_17ea1d361b7_-6d53;104252;POINT (16.397495277069293 48.24351473649544);M45_FWC22;21;Neue Donau;Familienbadestrand;-1;JA;00:00-24:00 Uhr;Wintersperre;nein - 0,50 €;Damen 1;;;;;;;
WCANLAGE2OGD.fid-2de9d1ee_17ea1d361b7_-6d52;104253;POINT (16.22514181223052 48.20635937177373);M45_MWC47;14;Wientalstraße;Grillzone;-1;JA;00:00-24:00 Uhr;Wintersperre;nein - gratis;unisex 1;;U;Damen und Herren;0043 1 4000 96530;MA 45;https://www.wien.gv.at/umwelt/gewaesser/;
WCANLAGE2OGD.fid-2de9d1ee_17ea1d361b7_-6d51;104254;POINT (16.225089756588197 48.20640524181425);M45_MWC46;14;Wientalstraße;Grillzone;-1;JA;00:00-24:00 Uhr;Wintersperre;nein - gratis;unisex 1;;U;Damen und Herren;0043 1 4000 96530;MA 45;https://www.wien.gv.at/umwelt/gewaesser/;
WCANLAGE2OGD.fid-2de9d1ee_17ea1d361b7_-6d50;104255;POINT (16.22564757918144 48.20603388238697);M45_MWC48;14;Wientalstraße;Grillzone;-1;JA;00:00-24:00 Uhr;Wintersperre;nein - gratis;unisex 1;;U;Damen und Herren;0043 1 4000 96530;MA 45;https://www.wien.gv.at/umwelt/gewaesser/;
WCANLAGE2OGD.fid-2de9d1ee_17ea1d361b7_-6d4f;104256;POINT (16.397643905953576 48.25791870246597);M48_0137;21;Am Spitz;ONr. 1, Amtshaus;-1;JA;00:00-24:00 Uhr;Sonn- und Feiertag geschlossen;Mo-Fr: 10-18Uhr;Herren 2;;;;;;;
WCANLAGE2OGD.fid-2de9d1ee_17ea1d361b7_-6d4e;104257;POINT (16.360402516009046 48.21096904554657);M48_0004;1;Rathauspark / Ring;;-1;JA;00:00-24:00 Uhr;ganzjährig ohne Einschränkungen;Mo-So: 10-17 Uhr;Pissoir;;;;;;;
WCANLAGE2OGD.fid-2de9d1ee_17ea1d361b7_-6d4d;104258;POINT (16.362691423777765 48.21392862874076);M48_0008;1;Schottentor / Passage;;-1;JA;00:00-24:00 Uhr;ganzjährig ohne Einschränkungen;Mo-Fr: 6-20 Uhr;;;;;;;;
WCANLAGE2OGD.fid-2de9d1ee_17ea1d361b7_-6d4c;104259;POINT (16.448289892837572 48.15225157700127);M48_0069;11;Zentralfriedhof / Tor III;;-1;JA;00:00-24:00 Uhr;ganzjährig ohne Einschränkungen;Okt-Apr: Mo-So: 8-18 Uhr;;;;;;;;
WCANLAGE2OGD.fid-2de9d1ee_17ea1d361b7_-6d4b;104260;POINT (16.40187023878664 48.26135070007078);M48_0140;21;Floridsdorfer Markt / Pitkagasse;;-1;JA;00:00-24:00 Uhr;Sonn- und Feiertag geschlossen;Mo-Do: 7-15 Uhr;;;;;;;;
WCANLAGE2OGD.fid-2de9d1ee_17ea1d361b7_-6d4a;104261;POINT (16.34996319936917 48.198142217770354);M48_0043;6;Mariahilfer Straße / Amerlingstraße;;-1;JA;00:00-24:00 Uhr;ganzjährig ohne Einschränkungen;Okt-Apr: Mo-Sa: 8-20 Uhr;;;;;;;;
WCANLAGE2OGD.fid-2de9d1ee_17ea1d361b7_-6d49;104262;POINT (16.367637272485794 48.21037263216927);M48_0002;1;Irisgasse / Bognergasse;;-1;JA;00:00-24:00 Uhr;ganzjährig ohne Einschränkungen;Jan.-Apr., Okt.-Nov. Mo-Sa: 10-18;;;;;;;;
WCANLAGE2OGD.fid-2de9d1ee_17ea1d361b7_-6d48;104263;POINT (16.363859157853764 48.198900425928166);M48_0038;6;Linke Wienzeile;ggü. ONr. 12;-1;JA;00:00-24:00 Uhr;ganzjährig ohne Einschränkungen;Mo-Fr: 6-18.30 Uhr;;;;;;;;
WCANLAGE2OGD.fid-2de9d1ee_17ea1d361b7_-6d47;104264;POINT (16.36917705679748 48.20914976083009);M48_0001;1;Am Graben;;-1;JA;00:00-24:00 Uhr;ganzjährig ohne Einschränkungen;Jan.-Apr., Okt.-Nov. Mo-Sa: 10-20 So+Ft.10-17;;;;;;;;
WCANLAGE2OGD.fid-2de9d1ee_17ea1d361b7_-6d46;104265;POINT (16.372208293998888 48.208696490691324);WL_002;1;SANIFAIR U-Bahn Station Stephansplatz;;-1;JA;00:00-24:00 Uhr;ganzjährig ohne Einschränkungen;8:00-20:00 Uhr, Nacht/Barrierefreies - WC 24/7 geöffnet;Damen 7;;;;;;;
WCANLAGE2OGD.fid-2de9d1ee_17ea1d361b7_-6d45;104266;POINT (16.402682525861493 48.22521944472944);M48_0012;2;Mexikoplatz;ggü. ONr. 16/Ennsgasse;-1;JA;00:00-24:00 Uhr;ganzjährig ohne Einschränkungen;nein - gratis;Unisex 1;;;;;;;
WCANLAGE2OGD.fid-2de9d1ee_17ea1d361b7_-6d44;104267;POINT (16.401577078600575 48.22134420035496);M48_0020;2;Vorgartenmarkt / Ennsgasse;;-1;JA;00:00-24:00 Uhr;Sonn- und Feiertag geschlossen;Mo-Do: 8-13 Uhr;;;;;;;;
WCANLAGE2OGD.fid-2de9d1ee_17ea1d361b7_-6d43;104268;POINT (16.391918169887308 48.25601408717943);M48_0139;21;Floridsdorfer Aupark;Eingang ggü. Frömmelgasse;-1;JA;00:00-24:00 Uhr;ganzjährig ohne Einschränkungen;nein - gratis;Pissoir;keine;M;Herren;+43 (1) 546 48;MA 48;https://www.wien.gv.at/umwelt/ma48/sauberestadt/wc/;
WCANLAGE2OGD.fid-2de9d1ee_17ea1d361b7_-6d42;104269;POINT (16.38417215729441 48.27008849361622);M48_0143;21;Lorettoplatz / Überfuhrstraße;gegenüber ONr. 59;-1;JA;00:00-24:00 Uhr;ganzjährig ohne Einschränkungen;nein - gratis;Unisex 1;;;;;;;
WCANLAGE2OGD.fid-2de9d1ee_17ea1d361b7_-6d41;104270;POINT (16.407341740160074 48.25305933380923);M48_0142;21;Kinzerplatz / Scheffelstraße;;-1;JA;00:00-24:00 Uhr;ganzjährig ohne Einschränkungen;nein - gratis;Pissoir;keine;M;Herren;+43 (1) 546 48;MA 48;https://www.wien.gv.at/umwelt/ma48/sauberestadt/wc/;
WCANLAGE2OGD.fid-2de9d1ee_17ea1d361b7_-6d40;104271;POINT (16.47933188197791 48.24680502266629);M48_0150;22;Badeteich Hirschstetten;Spargefeldstraße/Bibernellweg;-1;JA;00:00-24:00 Uhr;ganzjährig ohne Einschränkungen;nein - gratis;Unisex 1;;;;;;;
WCANLAGE2OGD.fid-2de9d1ee_17ea1d361b7_-6d3f;104272;POINT (16.37200766159252 48.172723383523426);M48_0057;10;Arthaberplatz / Laxenburger Straße;Bushaltestelle;-1;JA;00:00-24:00 Uhr;ganzjährig ohne Einschränkungen;nein - gratis;Unisex 2;;;;;;;
WCANLAGE2OGD.fid-2de9d1ee_17ea1d361b7_-6d3e;104273;POINT (16.36326918334209 48.2307618445136);M48_0132;20;Brigittenauer Lände;ggü. Gerhardusgasse;-1;JA;00:00-24:00 Uhr;ganzjährig ohne Einschränkungen;nein - gratis;Unisex 1;;;;;;;
WCANLAGE2OGD.fid-2de9d1ee_17ea1d361b7_-6d3d;104274;POINT (16.396638070235948 48.22633990995435);M48_0017;2;Rudolf-Bednar-Park;;-1;JA;00:00-24:00 Uhr;ganzjährig ohne Einschränkungen;nein - gratis;Unisex 1;;;;;;;
WCANLAGE2OGD.fid-2de9d1ee_17ea1d361b7_-6d3c;104275;POINT (16.38439592059581 48.21769931596226);M48_0013;2;Odeongasse;neben 2A/ Tiefgarageneingang;-1;JA;00:00-24:00 Uhr;ganzjährig ohne Einschränkungen;nein - gratis;Unisex 1;;;;;;;
WCANLAGE2OGD.fid-2de9d1ee_17ea1d361b7_-6d3b;104276;POINT (16.400306525824536 48.22064887883158);M48_0011;2;Max-Winter-Platz;;-1;JA;00:00-24:00 Uhr;ganzjährig ohne Einschränkungen;nein - gratis;Unisex 3;;;;;;;
WCANLAGE2OGD.fid-2de9d1ee_17ea1d361b7_-6d3a;104277;POINT (16.251694560285742 48.20202872086203);M48_0086;14;Ferdinand-Wolf-Park;;-1;JA;00:00-24:00 Uhr;ganzjährig ohne Einschränkungen;nein - gratis;Unisex 1;;;;;;;
WCANLAGE2OGD.fid-2de9d1ee_17ea1d361b7_-6d39;104278;POINT (16.279562224106925 48.20052735766068);M48_0083;14;Baumgartner Friedhof / Waidhausenstraße;;-1;JA;00:00-24:00 Uhr;ganzjährig ohne Einschränkungen;nein - gratis;Unisex 1;;;;;;;
WCANLAGE2OGD.fid-2de9d1ee_17ea1d361b7_-6d38;104279;POINT (16.25875632970454 48.19834362282681);M48_0088;14;Keißlergasse / Brudermanngasse;;-1;JA;00:00-24:00 Uhr;ganzjährig ohne Einschränkungen;nein - gratis;Unisex 1;;;;;;;
WCANLAGE2OGD.fid-2de9d1ee_17ea1d361b7_-6d37;104280;POINT (16.341084036581865 48.20743722890877);M48_0045;7;Josef-Strauß-Park;ggü. Enzingergasse;-1;JA;00:00-24:00 Uhr;ganzjährig ohne Einschränkungen;nein - gratis;Unisex 1;;;;;;;
WCANLAGE2OGD.fid-2de9d1ee_17ea1d361b7_-6d36;104281;POINT (16.352378943020003 48.22945182941512);M48_0053;9;Helene-Deutsch-Park;Pulverturmg./Sobieskig.;-1;JA;00:00-24:00 Uhr;ganzjährig ohne Einschränkungen;nein - 0,50 €;Unisex 1;;;;;;;
WCANLAGE2OGD.fid-2de9d1ee_17ea1d361b7_-6d35;104282;POINT (16.355239325222428 48.18788499110965);M48_0032;5;Bacherplatz;ggü. ONr. 10;-1;JA;00:00-24:00 Uhr;ganzjährig ohne Einschränkungen;nein - gratis;Unisex 1;;;;;;;
WCANLAGE2OGD.fid-2de9d1ee_17ea1d361b7_-6d34;104301;POINT (16.44794390756732 48.272009509842746);M48_0698;21;Großfeldsiedlung / Kürschnergasse;;-1;JA;00:00-24:00 Uhr;ganzjährig ohne Einschränkungen;nein - gratis;Unisex 1;;;;;;;
WCANLAGE2OGD.fid-2de9d1ee_17ea1d361b7_-6d33;104302;POINT (16.33426445149768 48.218890033155795);M48_0697;17;Pezzlpark / Frederic Morton Park;;-1;JA;00:00-24:00 Uhr;ganzjährig ohne Einschränkungen;nein - gratis;Unisex 1;;;;;;;
WCANLAGE2OGD.fid-2de9d1ee_17ea1d361b7_-6d32;104303;POINT (16.40178842843332 48.165559938833134);M48_0748;10;Böhmischer Prater;;-1;JA;00:00-24:00 Uhr;ganzjährig ohne Einschränkungen;nein - gratis;Unisex 1;;;;;;;
WCANLAGE2OGD.fid-2de9d1ee_17ea1d361b7_-6d31;104305;POINT (16.310249645388538 48.24139783365006);M48_0116;18;Pötzleinsdorf;Endstelle Linie 41;-1;JA;00:00-24:00 Uhr;ganzjährig ohne Einschränkungen;nein - gratis;Unisex 2;;;;;;;
WCANLAGE2OGD.fid-2de9d1ee_17ea1d361b7_-6d30;104306;POINT (16.404919532567526 48.20658751891023);M48_0009;2;Jesuitenwiese;Mitte Rotundenallee;-1;JA;00:00-24:00 Uhr;ganzjährig ohne Einschränkungen;Apr-Okt: Sa, So, FT, Fenstertag: 14-20 Uhr;Unisex 3;;;;;;;
WCANLAGE2OGD.fid-2de9d1ee_17ea1d361b7_-6d2f;104307;POINT (16.275352994536124 48.19731364413603);M48_0084;14;Baumgartner Kasino / Linzerstraße;;-1;JA;00:00-24:00 Uhr;ganzjährig ohne Einschränkungen;nein - gratis;Unisex 1;;;;;;;
WCANLAGE2OGD.fid-2de9d1ee_17ea1d361b7_-6d2e;104283;POINT (16.255899715861567 48.20254203533223);M48_0087;14;Hütteldorf;Endstelle Linie 49;-1;JA;00:00-24:00 Uhr;ganzjährig ohne Einschränkungen;nein - gratis;Unisex 1;;;;;;;
WCANLAGE2OGD.fid-2de9d1ee_17ea1d361b7_-6d2d;104285;POINT (16.356514542517072 48.196598659959015);M48_0041;6;Linke Wienzeile;ggü. ONr. 60;-1;JA;00:00-24:00 Uhr;ganzjährig ohne Einschränkungen;nein - gratis;Unisex barrierefrei 1;;;;;;;
WCANLAGE2OGD.fid-2de9d1ee_17ea1d361b7_-6d2c;104286;POINT (16.387057410506298 48.15455636002598);M48_0060;10;Volkspark Laaerberg;Einfahrt Alaudag.Vis aVis Ada Christeng;-1;JA;00:00-24:00 Uhr;ganzjährig ohne Einschränkungen;nein - gratis;Unisex 1;;;;;;;
WCANLAGE2OGD.fid-2de9d1ee_17ea1d361b7_-6d2b;104287;POINT (16.418190132948556 48.24069180574899);M48_0157;22;WIG 64;Donaupark, Eingang D, Parkplatz;-1;JA;00:00-24:00 Uhr;ganzjährig ohne Einschränkungen;nein - gratis;Unisex 1;;;;;;;
WCANLAGE2OGD.fid-2de9d1ee_17ea1d361b7_-6d2a;104288;POINT (16.412042138235112 48.24286513612033);M48_0156;22;WIG 64;Donaupark, Eingang C, Tennisplatz;-1;JA;00:00-24:00 Uhr;ganzjährig ohne Einschränkungen;nein - gratis;Damen 1;;;;;;;
WCANLAGE2OGD.fid-2de9d1ee_17ea1d361b7_-6d29;104289;POINT (16.263187722555866 48.13232851666525);M48_0165;23;Rodaun;Endstelle Linie 60;-1;JA;00:00-24:00 Uhr;ganzjährig ohne Einschränkungen;nein - gratis;Unisex 2;;;;;;;
WCANLAGE2OGD.fid-2de9d1ee_17ea1d361b7_-6d28;104290;POINT (16.34794051300362 48.19875885765592);M48_0044;7;Andreaspark / Andreasgasse;;-1;JA;00:00-24:00 Uhr;Wintersperre;nein - gratis;barrierefrei 1;Euro Key;B;Barrierefrei;+43 (1) 546 48;MA 48;https://www.wien.gv.at/umwelt/ma48/sauberestadt/wc/;
WCANLAGE2OGD.fid-2de9d1ee_17ea1d361b7_-6d27;104291;POINT (16.401465017440973 48.14713242944513);M48_0065;10;WIG 74;Mitte;-1;JA;00:00-24:00 Uhr;Wintersperre;nein - gratis;Unisex 1;;;;;;;
WCANLAGE2OGD.fid-2de9d1ee_17ea1d361b7_-6d26;104292;POINT (16.388751758444005 48.21381846327616);M48_0016;2;Robertstiege / Robertgasse;Stiegenanlage unten am Donaukanal;-1;JA;00:00-24:00 Uhr;Wintersperre;nein - gratis;Unisex 3;keine;U;Damen und Herren;+43 (1) 546 48;MA 48;https://www.wien.gv.at/umwelt/ma48/sauberestadt/wc/;
WCANLAGE2OGD.fid-2de9d1ee_17ea1d361b7_-6d25;104293;POINT (16.33368288716691 48.234282632362216);M48_0119;18;Türkenschanzpark;Kinderspielplatz-Hasenauerstr.54;-1;JA;00:00-24:00 Uhr;Wintersperre;nein - gratis;Unisex 1;;;;;;;
WCANLAGE2OGD.fid-2de9d1ee_17ea1d361b7_-6d24;104294;POINT (16.421727561884424 48.23156259111676);M48_0152;22;Kaiserwasser;hinter Sportplatz;-1;JA;00:00-24:00 Uhr;ganzjährig ohne Einschränkungen;nein - gratis;Unisex 1;;;;;;;
WCANLAGE2OGD.fid-2de9d1ee_17ea1d361b7_-6d23;104295;POINT (16.27103961932503 48.19034859054967);M48_0079;13;Streckerplatz / Rohrbacherstraße;;-1;JA;00:00-24:00 Uhr;ganzjährig ohne Einschränkungen;nein - gratis;Pissoir;keine;M;Herren;+43 (1) 546 48;MA 48;https://www.wien.gv.at/umwelt/ma48/sauberestadt/wc/;
WCANLAGE2OGD.fid-2de9d1ee_17ea1d361b7_-6d22;104296;POINT (16.37687854086291 48.176927742899345);M48_0059;10;Viktor-Adler-Markt;Erlachg./Favoritenstr.;-1;JA;00:00-24:00 Uhr;Sonn- und Feiertag geschlossen;Mo-Sa: 6-20 Uhr;Unisex 1;;;;;;;
WCANLAGE2OGD.fid-2de9d1ee_17ea1d361b7_-6d21;104297;POINT (16.41907673841013 48.23916110746568);M48_0159;22;WIG 64 Sparefroh;;-1;JA;00:00-24:00 Uhr;ganzjährig ohne Einschränkungen;nein - gratis;Unisex 3;;;;;;;
WCANLAGE2OGD.fid-2de9d1ee_17ea1d361b7_-6d20;104298;POINT (16.405151732122278 48.23833921445897);M48_0158;22;WIG 64;Kinderspielplatz;-1;JA;00:00-24:00 Uhr;Wintersperre;nein - gratis;Unisex 1;;;;;;;
WCANLAGE2OGD.fid-2de9d1ee_17ea1d361b7_-6d1f;104299;POINT (16.355520360574825 48.18112007210242);M48_0361;5;Leopold-Rister-Gasse / Hochhauspark;;-1;JA;00:00-24:00 Uhr;ganzjährig ohne Einschränkungen;nein - gratis;Unisex 1;;;;;;;
WCANLAGE2OGD.fid-2de9d1ee_17ea1d361b7_-6d1e;104300;POINT (16.39258955609415 48.19829437561423);M48_0369;3;Arenbergpark;ggü. Dannebergplatz 10;-1;JA;00:00-24:00 Uhr;ganzjährig ohne Einschränkungen;nein - gratis;Unisex 1;;;;;;;
WCANLAGE2OGD.fid-2de9d1ee_17ea1d361b7_-6d1d;104308;POINT (16.267736736242007 48.205699375744175);M48_0085;14;Dehnepark / Dehnegasse;;-1;JA;00:00-24:00 Uhr;ganzjährig ohne Einschränkungen;nein - gratis;Unisex 1;;;;;;;
WCANLAGE2OGD.fid-2de9d1ee_17ea1d361b7_-6d1c;104309;POINT (16.25689994120674 48.166444805815296);M48_0076;13;Hermesstraße / Lainzertor;Parkplatz;-1;JA;00:00-24:00 Uhr;ganzjährig ohne Einschränkungen;Apr-Okt: Sa, So, FT, Fenstertag: 11-17 Uhr;Unisex 3;;;;;;;
WCANLAGE2OGD.fid-2de9d1ee_17ea1d361b7_-6d1b;104311;POINT (16.394600531322983 48.253069396268415);M48_0146;21;Wasserpark / An der Oberen Alten Donau;ggü. ONr. 1;-1;JA;00:00-24:00 Uhr;ganzjährig ohne Einschränkungen;nein - gratis;Unisex 1;;;;;;;
WCANLAGE2OGD.fid-2de9d1ee_17ea1d361b7_-6d1a;104312;POINT (16.274771583469583 48.1807801339095);M48_0078;13;Roter Berg / Heinz-Nittel-Weg;;-1;JA;00:00-24:00 Uhr;ganzjährig ohne Einschränkungen;nein - gratis;Unisex 1;;;;;;;
WCANLAGE2OGD.fid-2de9d1ee_17ea1d361b7_-6d19;104313;POINT (16.336457059951194 48.27535693126605);M48_0123;19;Kahlenberg;ggü.Kirche;-1;JA;00:00-24:00 Uhr;ganzjährig ohne Einschränkungen;Mär-Okt: Mo-So: 11-17 Uhr;Unisex 2;;;;;;;
WCANLAGE2OGD.fid-2de9d1ee_17ea1d361b7_-6d18;104314;POINT (16.401655480964934 48.151334482509654);M48_0062;10;WIG 74;Eingang Nord;-1;JA;00:00-24:00 Uhr;ganzjährig ohne Einschränkungen;nein - gratis;Unisex 1;;;;;;;
WCANLAGE2OGD.fid-2de9d1ee_17ea1d361b7_-6d17;104315;POINT (16.293474502257567 48.13778296480963);M48_0432;23;Mistplatz Liesing;Seybelgasse 7;-1;JA;Mo-Sa 7:00-18:00 Uhr;ganzjährig ohne Einschränkungen;nein - gratis;barrierefrei 1;;;;;;;
WCANLAGE2OGD.fid-2de9d1ee_17ea1d361b7_-6d16;104316;POINT (16.376882972521415 48.211644083403385);WL_001;1;SANIFAIR U-Bahn Station Schwedenplatz;;-1;JA;00:00-24:00 Uhr;ganzjährig ohne Einschränkungen;10:00-22:00 Uhr, Nacht/Barrierefreies - WC 24/7 geöffnet;Damen 4;;;;;;;
WCANLAGE2OGD.fid-2de9d1ee_17ea1d361b7_-6d15;104317;POINT (16.34048685345195 48.19612830226451);WL_006;15;SANIFAIR U-Bahn Station Westbahnhof;;-1;JA;00:00-24:00 Uhr;ganzjährig ohne Einschränkungen;10:00-18:00 Uhr, Nacht/Barrierefreies - WC 24/7 geöffnet;Damen 6;;;;;;;
WCANLAGE2OGD.fid-2de9d1ee_17ea1d361b7_-6d14;104318;POINT (16.360034345593217 48.20655211211088);WL_005;7;SANIFAIR U-Bahn Station Volkstheater;;-1;JA;00:00-24:00 Uhr;ganzjährig ohne Einschränkungen;10:00-18:00 Uhr, Nacht/Barrierefreies - WC 24/7 geöffnet;Damen 3;;;;;;;
WCANLAGE2OGD.fid-2de9d1ee_17ea1d361b7_-6d13;104319;POINT (16.30389292526355 48.160928551644375);M48_0469;12;Mistplatz Hetzendorf;Wundtgasse / Jägerhaussstraße;-1;JA;Mo-Sa 7:00-18:00 Uhr;ganzjährig ohne Einschränkungen;nein - gratis;Unisex 1;Defibrilator, Feuerlöscher, Erste Hilfe Kasten;U;Damen und Herren;+43 (1) 546 48;MA 48;https://www.wien.gv.at/umwelt/ma48/sauberestadt/wc/;
WCANLAGE2OGD.fid-2de9d1ee_17ea1d361b7_-6d12;104320;POINT (16.2284309001943 48.205606987216626);M48_0503;14;Mistplatz Auhof;Wientalstraße 51;-1;JA;Mo-Sa 7:00-18:00 Uhr;ganzjährig ohne Einschränkungen;nein - gratis;barrierefrei 2;;;;;;;
WCANLAGE2OGD.fid-2de9d1ee_17ea1d361b7_-6d11;104321;POINT (16.41185339889085 48.25010672963499);M48_0789;21;Mistplatz Donaufeld;Fultonstraße 10;-1;JA;Mo-Sa 7:00-18:00 Uhr;ganzjährig ohne Einschränkungen;nein - gratis;Unisex 1;Defibrilator, Feuerlöscher, Erste Hilfe Kasten;U;Damen und Herren;+43 (1) 546 48;MA 48;https://www.wien.gv.at/umwelt/ma48/sauberestadt/wc/;
WCANLAGE2OGD.fid-2de9d1ee_17ea1d361b7_-6d10;104322;POINT (16.43029862819623 48.29356453863328);M48_0271;21;Mistplatz Stammersdorf;Nikolsburgergasse 12;-1;JA;Mo-Sa 7:00-18:00 Uhr;ganzjährig ohne Einschränkungen;nein - gratis;barrierefrei 1;;;;;;;
WCANLAGE2OGD.fid-2de9d1ee_17ea1d361b7_-6d0f;104324;POINT (16.39070263974306 48.202955785607784);M48_0026;3;Rochusmarkt;;-1;JA;00:00-24:00 Uhr;Sonn- und Feiertag geschlossen;Mo-Fr: 6-18.30;;;;;;;;
WCANLAGE2OGD.fid-2de9d1ee_17ea1d361b7_-6d0e;104325;POINT (16.43548893277558 48.2306280306855);M48_0153;22;Rehlacke / Lagerwiesenweg;;-1;JA;00:00-24:00 Uhr;ganzjährig ohne Einschränkungen;nein - gratis;Unisex 1;;;;;;;
WCANLAGE2OGD.fid-2de9d1ee_17ea1d361b7_-6d0d;104326;POINT (16.40325855261307 48.24793678578972);M48_0138;21;Dragonerhäufel;Birnersteig;-1;JA;00:00-24:00 Uhr;ganzjährig ohne Einschränkungen;nein - gratis;Unisex 1;;;;;;;
WCANLAGE2OGD.fid-2de9d1ee_17ea1d361b7_-6d0c;104327;POINT (16.38652425457917 48.18659905640748);M48_0696;3;Schweizergarten;;-1;JA;00:00-24:00 Uhr;ganzjährig ohne Einschränkungen;nein - gratis;Unisex 1;;;;;;;
WCANLAGE2OGD.fid-2de9d1ee_17ea1d361b7_-6d0b;104328;POINT (16.347804086043222 48.187281603908644);M48_0031;5;Am Hundsturm;ggü. ONr. 10;-1;JA;00:00-24:00 Uhr;ganzjährig ohne Einschränkungen;nein - gratis;Pissoir;;;;;;;
WCANLAGE2OGD.fid-2de9d1ee_17ea1d361b7_-6d0a;104329;POINT (16.398702142303307 48.15066462458167);M48_0064;10;WIG 74;Gschroppenhaus;-1;JA;00:00-24:00 Uhr;Wintersperre;nein - gratis;barrierefrei 1;;;;;;;
WCANLAGE2OGD.fid-2de9d1ee_17ea1d361b7_-6d09;104330;POINT (16.36140660318528 48.18998530739316);M48_0036;5;Mittersteig;ONr. 24-28, Parkanlage;-1;JA;00:00-24:00 Uhr;ganzjährig ohne Einschränkungen;nein - gratis;barrierefrei 1;Euro Key;B;Barrierefrei;+43 (1) 546 48;MA 48;https://www.wien.gv.at/umwelt/ma48/sauberestadt/wc/;
WCANLAGE2OGD.fid-2de9d1ee_17ea1d361b7_-6d08;104331;POINT (16.282319792825973 48.168424945195106);M48_0080;13;Wolkersbergenstraße / Jakob-Stainer-Gasse;;-1;JA;00:00-24:00 Uhr;ganzjährig ohne Einschränkungen;nein - gratis;Unisex 1;;;;;;;
WCANLAGE2OGD.fid-2de9d1ee_17ea1d361b7_-6d07;104332;POINT (16.349725322303783 48.18076604721569);M48_0034;5;Eichenstraße / Fendigasse;Abgang zur Straßenbahn;-1;JA;00:00-24:00 Uhr;ganzjährig ohne Einschränkungen;nein - gratis;Unisex 1;;;;;;;
WCANLAGE2OGD.fid-2de9d1ee_17ea1d361b7_-6d06;104333;POINT (16.358506087520002 48.22287997869009);M48_0054;9;Liechtensteinpark;;-1;JA;00:00-24:00 Uhr;ganzjährig ohne Einschränkungen;nein - gratis;Unisex 1;;;;;;;
WCANLAGE2OGD.fid-2de9d1ee_17ea1d361b7_-6d05;104334;POINT (16.338422066383337 48.17764075093265);M48_0070;12;Aßmayergasse / Karl-Löwe-Gasse;;-1;JA;00:00-24:00 Uhr;ganzjährig ohne Einschränkungen;nein - gratis;Pissoir;keine;M;Herren;+43 (1) 546 48;MA 48;https://www.wien.gv.at/umwelt/ma48/sauberestadt/wc/;
WCANLAGE2OGD.fid-2de9d1ee_17ea1d361b7_-6d04;104335;POINT (16.386622597564905 48.17268446540899);M48_0058;10;Puchsbaumplatz;ggü. ONr. 11;-1;JA;00:00-24:00 Uhr;ganzjährig ohne Einschränkungen;nein - gratis;Pissoir;keine;M;Herren;+43 (1) 546 48;MA 48;https://www.wien.gv.at/umwelt/ma48/sauberestadt/wc/;
WCANLAGE2OGD.fid-2de9d1ee_17ea1d361b7_-6d03;104336;POINT (16.228422139393036 48.20727515837525);M48_0089;14;Mariabrunn;bei der Kirche;-1;JA;00:00-24:00 Uhr;ganzjährig ohne Einschränkungen;nein - gratis;Unisex 1;;;;;;;
WCANLAGE2OGD.fid-2de9d1ee_17ea1d361b7_-6d02;104337;POINT (16.314748597600452 48.188198157812664);M48_0093;15;Auer-Welsbach-Park / Schloßallee;hinter Tankstelle;-1;JA;00:00-24:00 Uhr;ganzjährig ohne Einschränkungen;nein - gratis;Pissoir;keine;M;Herren;+43 (1) 546 48;MA 48;https://www.wien.gv.at/umwelt/ma48/sauberestadt/wc/;
WCANLAGE2OGD.fid-2de9d1ee_17ea1d361b7_-6d01;104338;POINT (16.33325074581162 48.21378660005925);M48_0097;16;Huberpark;;-1;JA;00:00-24:00 Uhr;ganzjährig ohne Einschränkungen;nein - gratis;Unisex 1;;;;;;;
WCANLAGE2OGD.fid-2de9d1ee_17ea1d361b7_-6d00;104339;POINT (16.33070220466386 48.22314823535289);M48_0105;17;Diepoldplatz;ggü. ONr. 12;-1;JA;00:00-24:00 Uhr;ganzjährig ohne Einschränkungen;nein - gratis;Unisex 1;;;;;;;
WCANLAGE2OGD.fid-2de9d1ee_17ea1d361b7_-6cff;104340;POINT (16.277439943472903 48.24074303516208);M48_0112;17;Schwarzenbergpark;Anfang Schwarzenbergallee;-1;JA;00:00-24:00 Uhr;ganzjährig ohne Einschränkungen;nein - gratis;Unisex 1;;;;;;;
WCANLAGE2OGD.fid-2de9d1ee_17ea1d361b7_-6cfe;104341;POINT (16.32480614661871 48.233921123539275);M48_0113;18;Bischof-Faber-Platz;ggü. ONr. 1;-1;JA;00:00-24:00 Uhr;ganzjährig ohne Einschränkungen;nein - gratis;Pissoir;keine;M;Herren;+43 (1) 546 48;MA 48;https://www.wien.gv.at/umwelt/ma48/sauberestadt/wc/;
WCANLAGE2OGD.fid-2de9d1ee_17ea1d361b7_-6cfd;104342;POINT (16.313021471353743 48.25082505506503);M48_0121;19;Hackenberg;Lagerwiese bei Schutzhaus;-1;JA;00:00-24:00 Uhr;ganzjährig ohne Einschränkungen;nein - gratis;Herren 1;;;;;;;
WCANLAGE2OGD.fid-2de9d1ee_17ea1d361b7_-6cfc;104343;POINT (16.34123825635793 48.2428179827707);M48_0127;19;Sonnbergplatz;ggü. ONr. 6;-1;JA;00:00-24:00 Uhr;ganzjährig ohne Einschränkungen;nein - gratis;Unisex 2;;;;;;;
WCANLAGE2OGD.fid-2de9d1ee_17ea1d361b7_-6cfb;104344;POINT (16.36182370564188 48.259691262700024);M48_0129;19;Zahnradbahnstraße;Endstelle Linie D;-1;JA;00:00-24:00 Uhr;ganzjährig ohne Einschränkungen;nein - gratis;Pissoir;keine;M;Herren;+43 (1) 546 48;MA 48;https://www.wien.gv.at/umwelt/ma48/sauberestadt/wc/;
WCANLAGE2OGD.fid-2de9d1ee_17ea1d361b7_-6cfa;104345;POINT (16.348732626683326 48.19495272741693);M48_0042;6;Loquaiplatz;ggü. Königseggasse;-1;JA;00:00-24:00 Uhr;ganzjährig ohne Einschränkungen;nein - gratis;Unisex 1;;;;;;;
WCANLAGE2OGD.fid-2de9d1ee_17ea1d361b7_-6cf9;104346;POINT (16.380240951061275 48.228198707938176);M48_0015;2;Rabbiner-Schneerson-Platz;;-1;JA;00:00-24:00 Uhr;ganzjährig ohne Einschränkungen;nein - gratis;Pissoir;keine;M;Herren;+43 (1) 546 48;MA 48;https://www.wien.gv.at/umwelt/ma48/sauberestadt/wc/;
WCANLAGE2OGD.fid-2de9d1ee_17ea1d361b7_-6cf8;104348;POINT (16.330097103602387 48.17786221747725);M48_0071;12;Meidlinger Hauptstraße / Pohlgasse;;-1;JA;00:00-24:00 Uhr;ganzjährig ohne Einschränkungen;nein - gratis;Unisex 1;;;;;;;
WCANLAGE2OGD.fid-2de9d1ee_17ea1d361b7_-6cf7;104349;POINT (16.246798706885844 48.21079140007438);M48_0091;14;Wolfersberg;Lagerwiese bei Sender;-1;JA;00:00-24:00 Uhr;ganzjährig ohne Einschränkungen;nein - gratis;Unisex 2;;;;;;;
WCANLAGE2OGD.fid-2de9d1ee_17ea1d361b7_-6cf6;104350;POINT (16.27767530925247 48.21504278600084);M48_0095;16;Heschweg / Johann-Staud-Straße;;-1;JA;00:00-24:00 Uhr;ganzjährig ohne Einschränkungen;nein - gratis;Unisex 1;;;;;;;
WCANLAGE2OGD.fid-2de9d1ee_17ea1d361b7_-6cf5;104352;POINT (16.368625840763308 48.23206518647043);M48_0135;20;Hannovermarkt / Hannovergasse;ggü. ONr. 29;-1;JA;00:00-24:00 Uhr;ganzjährig ohne Einschränkungen;nein - gratis;Unisex 2;;;;;;;
WCANLAGE2OGD.fid-2de9d1ee_17ea1d361b7_-6cf4;104353;POINT (16.408400418868435 48.27672940476118);M48_0141;21;Frauenstiftgasse / Brünner Straße;;-1;JA;00:00-24:00 Uhr;ganzjährig ohne Einschränkungen;nein - gratis;Unisex 1;;;;;;;
WCANLAGE2OGD.fid-2de9d1ee_17ea1d361b7_-6cf3;104354;POINT (16.2710413647433 48.19040304026384);M48_0364;13;Streckerplatz / Streckerpark;;-1;JA;00:00-24:00 Uhr;ganzjährig ohne Einschränkungen;nein - gratis;Unisex 1;;;;;;;
WCANLAGE2OGD.fid-2de9d1ee_17ea1d361b7_-6cf2;104355;POINT (16.294757537468435 48.21520538902863);M48_0094;16;Gallitzinstraße / Funkengerngasse;;-1;JA;00:00-24:00 Uhr;ganzjährig ohne Einschränkungen;nein - gratis;Pissoir;keine;M;Herren;+43 (1) 546 48;MA 48;https://www.wien.gv.at/umwelt/ma48/sauberestadt/wc/;
WCANLAGE2OGD.fid-2de9d1ee_17ea1d361b7_-6cf1;104356;POINT (16.338244702478853 48.17829517461612);M48_0368;12;Wilhelmsdorfer Park;;-1;JA;00:00-24:00 Uhr;ganzjährig ohne Einschränkungen;nein - gratis;Unisex 1;;;;;;;
WCANLAGE2OGD.fid-2de9d1ee_17ea1d361b7_-6cf0;104357;POINT (16.351055890998847 48.21190255167009);M48_0049;8;Florianigasse;Schönbornpark;-1;JA;00:00-24:00 Uhr;ganzjährig ohne Einschränkungen;nein - gratis;Unisex 1;;;;;;;
WCANLAGE2OGD.fid-2de9d1ee_17ea1d361b7_-6cef;104358;POINT (16.3375506792102 48.23398448077889);M48_0118;18;Türkenschanzpark;Gregor-Mendel-Straße/Hasenauerstraße;-1;JA;00:00-24:00 Uhr;ganzjährig ohne Einschränkungen;nein - gratis;Unisex 1;;;;;;;
WCANLAGE2OGD.fid-2de9d1ee_17ea1d361b7_-6cee;104359;POINT (16.379569064787674 48.24431692954967);M48_0133;20;Friedrich-Engels-Platz;Haltestelle Linie 31 und 33;-1;JA;00:00-24:00 Uhr;ganzjährig ohne Einschränkungen;nein - gratis;Unisex 1;;;;;;;
WCANLAGE2OGD.fid-2de9d1ee_17ea1d361b7_-6ced;104360;POINT (16.323475785002344 48.22412233163385);M48_0109;17;Lidlpark / Roggendorfgasse;ggü. ONr. 5;-1;JA;00:00-24:00 Uhr;ganzjährig ohne Einschränkungen;nein - gratis;Unisex 1;;;;;;;
WCANLAGE2OGD.fid-2de9d1ee_17ea1d361b7_-6cec;104361;POINT (16.344809760621324 48.225217630887904);M48_0115;18;Kutschkermarkt;;-1;JA;00:00-24:00 Uhr;ganzjährig ohne Einschränkungen;nein - gratis;Unisex 1;;;;;;;
WCANLAGE2OGD.fid-2de9d1ee_17ea1d361b7_-6ceb;104362;POINT (16.326075977288575 48.21311970950491);M48_0103;16;Johann-Nepomuk-Berger-Platz;;-1;JA;00:00-24:00 Uhr;ganzjährig ohne Einschränkungen;nein - gratis;Unisex 1;;;;;;;
WCANLAGE2OGD.fid-2de9d1ee_17ea1d361b7_-6cea;104363;POINT (16.348407279322164 48.232192764811224);M48_0743;18;Währingerpark;;-1;JA;00:00-24:00 Uhr;ganzjährig ohne Einschränkungen;nein - gratis;Unisex 1;;;;;;;
WCANLAGE2OGD.fid-2de9d1ee_17ea1d361b7_-6ce9;104364;POINT (16.377418950431423 48.21744937803237);M48_0010;2;Karmelitermarkt;;-1;JA;00:00-24:00 Uhr;ganzjährig ohne Einschränkungen;nein - gratis;Unisex 1;;;;;;;
WCANLAGE2OGD.fid-2de9d1ee_17ea1d361b7_-6ce8;104365;POINT (16.38276822025996 48.19967452739825);M48_0023;3;Am Modenapark;ggü. ONr. 4;-1;JA;00:00-24:00 Uhr;ganzjährig ohne Einschränkungen;nein - gratis;Unisex 1;;;;;;;
WCANLAGE2OGD.fid-2de9d1ee_17ea1d361b7_-6ce7;104366;POINT (16.40295527362507 48.184005705748206);M48_0027;3;St. Marxer Friedhof / Leberstraße 6-8;;-1;JA;00:00-24:00 Uhr;ganzjährig ohne Einschränkungen;nein - gratis;Unisex 2;;;;;;;
WCANLAGE2OGD.fid-2de9d1ee_17ea1d361b7_-6ce6;104367;POINT (16.333008550216512 48.181081761412585);M48_0072;12;Meidlinger Markt / Niederhofstraße;;-1;JA;00:00-24:00 Uhr;Sonn- und Feiertag geschlossen;Mo-Sa: 6-23 Uhr;Unisex 1;;;;;;;
WCANLAGE2OGD.fid-2de9d1ee_17ea1d361b7_-6ce5;104369;POINT (16.309512338555805 48.20419709801275);M48_0474;16;Mistplatz Ottakring;Kendlerstraße 38;-1;JA;Mo-Fr 7:00-18:00 Uhr, Sa 8:00-18:00 Uhr;ganzjährig ohne Einschränkungen;nein - gratis;Unisex 1;Defibrilator, Feuerlöscher, Erste Hilfe Kasten;B;Barrierefrei;+43 (1) 546 48;MA 48;https://www.wien.gv.at/umwelt/ma48/sauberestadt/wc/;
WCANLAGE2OGD.fid-2de9d1ee_17ea1d361b7_-6ce4;104370;POINT (16.32064059191073 48.22506839241649);M48_0631;17;Mistplatz Hernals;Richthausenstraße 4;-1;JA;Mo-Sa 7:00-18:00 Uhr;ganzjährig ohne Einschränkungen;nein - gratis;Pissoir;;;;;;;
WCANLAGE2OGD.fid-2de9d1ee_17ea1d361b7_-6ce3;104371;POINT (16.447626083194315 48.21239470799465);M48_0788;22;Mistplatz Stadlau;Mühlwasserstraße 2;-1;JA;Mo-Sa 7:00-18:00 Uhr;ganzjährig ohne Einschränkungen;nein - gratis;Unisex 1;Defibrilator, Feuerlöscher, Erste Hilfe Kasten;U;Damen und Herren;+43 (1) 546 48;MA 48;https://www.wien.gv.at/umwelt/ma48/sauberestadt/wc/;
WCANLAGE2OGD.fid-2de9d1ee_17ea1d361b7_-6ce2;104372;POINT (16.367473222212134 48.142650648470955);M48_0304;23;Mistplatz Inzersdorf;Südrandstraße 2;-1;JA;Mo-Sa 7:00-18:00 Uhr;ganzjährig ohne Einschränkungen;nein - gratis;barrierefrei 1;;;;;;;
WCANLAGE2OGD.fid-2de9d1ee_17ea1d361b7_-6ce1;104373;POINT (16.307137674055088 48.2220142630005);M48_0098;16;Kongreßpark;;-1;JA;00:00-24:00 Uhr;ganzjährig ohne Einschränkungen;nein - gratis;Unisex 1;;;;;;;
WCANLAGE2OGD.fid-2de9d1ee_17ea1d361b7_-6ce0;104377;POINT (16.467289003518612 48.265737131343975);M48_0285;22;Mistplatz Rinterzelt;Percostraße 4;-1;JA;Mo-Sa 7:00-18:00 Uhr;ganzjährig ohne Einschränkungen;nein - gratis;Unisex 1;;;;;;;
WCANLAGE2OGD.fid-2de9d1ee_17ea1d361b7_-6cdf;104378;POINT (16.371541044756018 48.229970937170634);M48_0136;20;Wallensteinplatz;;-1;JA;00:00-24:00 Uhr;ganzjährig ohne Einschränkungen;nein - gratis;Unisex 1;;;;;;;
WCANLAGE2OGD.fid-2de9d1ee_17ea1d361b7_-6cde;104379;POINT (16.31083035928433 48.22737335197315);M48_0104;17;Alszeile;Eingang Dornbacher Friedhof;-1;JA;00:00-24:00 Uhr;ganzjährig ohne Einschränkungen;nein - gratis;Pissoir;keine;M;Herren;+43 (1) 546 48;MA 48;https://www.wien.gv.at/umwelt/ma48/sauberestadt/wc/;
WCANLAGE2OGD.fid-2de9d1ee_17ea1d361b7_-6cdd;104380;POINT (16.31075694041009 48.227450020725406);M48_0106;17;Dornbacher Friedhof;bei Eingang;-1;JA;00:00-24:00 Uhr;ganzjährig ohne Einschränkungen;nein - gratis;Unisex 1;;;;;;;
WCANLAGE2OGD.fid-2de9d1ee_17ea1d361b7_-6cdc;104381;POINT (16.31962022524593 48.225017178074005);M48_0108;17;Leopold-Kunschak-Platz;Hernalser Friedhof;-1;JA;00:00-24:00 Uhr;ganzjährig ohne Einschränkungen;nein - gratis;barrierefrei 1;keine;B;Barrierefrei;+43 (1) 546 48;MA 48;https://www.wien.gv.at/umwelt/ma48/sauberestadt/wc/;
WCANLAGE2OGD.fid-2de9d1ee_17ea1d361b7_-6cdb;104151;POINT (16.224858618712776 48.20668041246623);M45_MWC45;14;Wientalstraße;Grillzone;-1;JA;00:00-24:00 Uhr;Wintersperre;nein - gratis;unisex 1;;U;Damen und Herren;0043 1 4000 96530;MA 45;https://www.wien.gv.at/umwelt/gewaesser/;
WCANLAGE2OGD.fid-2de9d1ee_17ea1d361b7_-6cda;104152;POINT (16.397463848988334 48.13676950209308);M45_MWC49;10;Hintere Liesingbachstraße;ggü. 35;-1;JA;00:00-24:00 Uhr;Wintersperre;nein - gratis;unisex 1;;U;Damen und Herren;0043 1 4000 96530;MA 45;https://www.wien.gv.at/umwelt/gewaesser/;
WCANLAGE2OGD.fid-2de9d1ee_17ea1d361b7_-6cd9;104153;POINT (16.462716435598974 48.17699138034491);M45_MWC37;11;Margetinstraße - Alberner Hafenzufahrtstraße;Grillzone;-1;JA;00:00-24:00 Uhr;Wintersperre;nein - gratis;unisex 1;;U;Damen und Herren;0043 1 4000 96530;MA 45;https://www.wien.gv.at/umwelt/gewaesser/;
WCANLAGE2OGD.fid-2de9d1ee_17ea1d361b7_-6cd8;104154;POINT (16.461805370878718 48.177194721363456);M45_MWC39;11;Margetinstraße - Alberner Hafenzufahrtstraße;Grillzone;-1;JA;00:00-24:00 Uhr;Wintersperre;nein - gratis;unisex 1;;U;Damen und Herren;0043 1 4000 96530;MA 45;https://www.wien.gv.at/umwelt/gewaesser/;
WCANLAGE2OGD.fid-2de9d1ee_17ea1d361b7_-6cd7;104155;POINT (16.4609673159136 48.17744477057414);M45_MWC41;11;Margetinstraße - Alberner Hafenzufahrtstraße;Grillzone;-1;JA;00:00-24:00 Uhr;Wintersperre;nein - gratis;unisex 1;;U;Damen und Herren;0043 1 4000 96530;MA 45;https://www.wien.gv.at/umwelt/gewaesser/;
WCANLAGE2OGD.fid-2de9d1ee_17ea1d361b7_-6cd6;104156;POINT (16.45923932591537 48.17795028777206);M45_MWC38;11;Margetinstraße - Alberner Hafenzufahrtstraße;Grillzone;-1;JA;00:00-24:00 Uhr;Wintersperre;nein - gratis;unisex 1;;U;Damen und Herren;0043 1 4000 96530;MA 45;https://www.wien.gv.at/umwelt/gewaesser/;
WCANLAGE2OGD.fid-2de9d1ee_17ea1d361b7_-6cd5;104157;POINT (16.458687017210995 48.178127619940305);M45_MWC40;11;Margetinstraße - Alberner Hafenzufahrtstraße;Grillzone;-1;JA;00:00-24:00 Uhr;Wintersperre;nein - gratis;unisex 1;;U;Damen und Herren;0043 1 4000 96530;MA 45;https://www.wien.gv.at/umwelt/gewaesser/;
WCANLAGE2OGD.fid-2de9d1ee_17ea1d361b7_-6cd4;104158;POINT (16.45810406356281 48.178277599263495);M45_MWC42;11;Margetinstraße - Alberner Hafenzufahrtstraße;Grillzone;-1;JA;00:00-24:00 Uhr;Wintersperre;nein - gratis;unisex 1;;U;Damen und Herren;0043 1 4000 96530;MA 45;https://www.wien.gv.at/umwelt/gewaesser/;
WCANLAGE2OGD.fid-2de9d1ee_17ea1d361b7_-6cd3;104159;POINT (16.3465354958273 48.28934636108439);M45_MWC51;19;Kuchelauer Hafen;;-1;JA;00:00-24:00 Uhr;Wintersperre;nein - gratis;unisex 1;;;;;;;
WCANLAGE2OGD.fid-2de9d1ee_17ea1d361b7_-6cd2;104160;POINT (16.348827185395642 48.284108070246845);M45_MWC52;19;Kuchelauer Hafen;;-1;JA;00:00-24:00 Uhr;Wintersperre;nein - gratis;unisex 1;;;;;;;
WCANLAGE2OGD.fid-2de9d1ee_17ea1d361b7_-6cd1;104161;POINT (16.363427863998467 48.27568608957814);M45_MWC60;21;Donauinsel;zw. ND-km 18,7 - 18,6;-1;JA;00:00-24:00 Uhr;ganzjährig ohne Einschränkungen;nein - gratis;unisex 1;;U;Damen und Herren;0043 1 4000 96530;MA 45;https://www.wien.gv.at/umwelt/gewaesser/;
WCANLAGE2OGD.fid-2de9d1ee_17ea1d361b7_-6cd0;104162;POINT (16.38633389131303 48.24974081718091);M45_BKZ06;21;Donauinsel;Da PONTE Eissalon;-1;JA;10:00-18:00 Uhr;Wintersperre;10 - 18 Uhr - gratis;;;U;Damen und Herren;0043 1 4000 96530;MA 45;https://www.wien.gv.at/umwelt/gewaesser/;
WCANLAGE2OGD.fid-2de9d1ee_17ea1d361b7_-6ccf;104163;POINT (16.38532002841732 48.24311715711182);M45_MWC23;20;Handelskai;Kinderspielplatz - Station Handelskai;-1;JA;00:00-24:00 Uhr;Wintersperre;nein - gratis;unisex 1;;U;Damen und Herren;0043 1 4000 96530;MA 45;https://www.wien.gv.at/umwelt/gewaesser/;
WCANLAGE2OGD.fid-2de9d1ee_17ea1d361b7_-6cce;104164;POINT (16.391313450674936 48.237758579968045);M45_MWC22;20;Handelskai;Kinderspielplatz - Brigittenauerbrücke;-1;JA;00:00-24:00 Uhr;Wintersperre;nein - gratis;unisex 1;;U;Damen und Herren;0043 1 4000 96530;MA 45;https://www.wien.gv.at/umwelt/gewaesser/;
WCANLAGE2OGD.fid-2de9d1ee_17ea1d361b7_-6ccd;104165;POINT (16.40420747020764 48.2379068316419);M45_MWC01;22;Neue Donau;Grillzone Brigittenauer Bucht;-1;JA;00:00-24:00 Uhr;Wintersperre;nein - gratis;unisex 1;;;;;;;
WCANLAGE2OGD.fid-2de9d1ee_17ea1d361b7_-6ccc;104166;POINT (16.404835552952218 48.237143728953065);M45_MWC02;22;Neue Donau;Grillzone Brigittenauer Bucht;-1;JA;00:00-24:00 Uhr;ganzjährig ohne Einschränkungen;nein - gratis;unisex 1;;U;Damen und Herren;0043 1 4000 96530;MA 45;https://www.wien.gv.at/umwelt/gewaesser/;
WCANLAGE2OGD.fid-2de9d1ee_17ea1d361b7_-6ccb;104167;POINT (16.410799533744104 48.22777440428628);M45_MWC16;22;Donauinsel;Reichsbrücke;-1;JA;00:00-24:00 Uhr;ganzjährig ohne Einschränkungen;nein - gratis;unisex 1;;U;Damen und Herren;0043 1 4000 96530;MA 45;https://www.wien.gv.at/umwelt/gewaesser/;
WCANLAGE2OGD.fid-2de9d1ee_17ea1d361b7_-6cca;104168;POINT (16.413641689418522 48.22547920916735);M45_MWC17;22;Donauinsel;Wasserspielplatz;-1;JA;täglich 10-18 Uhr;Wintersperre;täglich 10-18 Uhr;unisex 1;;U;Damen und Herren;0043 1 4000 96530;MA 45;https://www.wien.gv.at/umwelt/gewaesser/;
WCANLAGE2OGD.fid-2de9d1ee_17ea1d361b7_-6cc9;104169;POINT (16.413617019019057 48.22546932249144);M45_MWC18;22;Donauinsel;Wasserspielplatz;-1;JA;täglich 10-18 Uhr;Wintersperre;täglich 10-18 Uhr;unisex 1;;U;Damen und Herren;0043 1 4000 96530;MA 45;https://www.wien.gv.at/umwelt/gewaesser/;
WCANLAGE2OGD.fid-2de9d1ee_17ea1d361b7_-6cc8;104170;POINT (16.41771201580476 48.22615873906367);M45_MWC72;22;Neue Donau;Radmotorikpark;-1;JA;00:00-24:00 Uhr;ganzjährig ohne Einschränkungen;nein - gratis;unisex 1;;;;;;;
WCANLAGE2OGD.fid-2de9d1ee_17ea1d361b7_-6cc7;104171;POINT (16.462000920400314 48.191855296803766);M45_MWC20;22;Donauinsel;Grillplatz Nr. 14;-1;JA;00:00-24:00 Uhr;Wintersperre;nein - gratis;unisex 1;;U;Damen und Herren;0043 1 4000 96530;MA 45;https://www.wien.gv.at/umwelt/gewaesser/;
WCANLAGE2OGD.fid-2de9d1ee_17ea1d361b7_-6cc6;104172;POINT (16.412708787727503 48.22084039679322);M45_MWC21;2;Handelskai;Kafkasteg;-1;JA;00:00-24:00 Uhr;Wintersperre;nein - gratis;unisex 1;;U;Damen und Herren;0043 1 4000 96530;MA 45;https://www.wien.gv.at/umwelt/gewaesser/;
WCANLAGE2OGD.fid-2de9d1ee_17ea1d361b7_-6cc5;104173;POINT (16.429286226882184 48.20866899426906);M45_BKZ01;2;Handelskai 343;MARINA Restaurant;-1;JA;Di-Do und Sa-So 11:30 - 14:30 Fr 17:30 - 22:00;Wintersperre;Di-Do und Sa-So 11:30 - 14:30 Fr 17:30 - 22:00 - gratis;;;U;Damen und Herren;0043 1 4000 96530;MA 45;https://www.wien.gv.at/umwelt/gewaesser/;
WCANLAGE2OGD.fid-2de9d1ee_17ea1d361b7_-6cc4;104174;POINT (16.474118205274102 48.19503606633216);M45_MWC32;22;Luitpold-Stern-Gasse;ggü. 44;-1;JA;00:00-24:00 Uhr;Wintersperre;nein - gratis;unisex 1;;U;Damen und Herren;0043 1 4000 96530;MA 45;https://www.wien.gv.at/umwelt/gewaesser/;
WCANLAGE2OGD.fid-2de9d1ee_17ea1d361b7_-6cc3;104175;POINT (16.476173096816172 48.20642729966467);M45_MWC35;22;Biberhaufenweg;ggü. Mühlwasserpromenade;-1;JA;00:00-24:00 Uhr;Wintersperre;nein - gratis;unisex 1;;U;Damen und Herren;0043 1 4000 96530;MA 45;https://www.wien.gv.at/umwelt/gewaesser/;
WCANLAGE2OGD.fid-2de9d1ee_17ea1d361b7_-6cc2;104176;POINT (16.4576402662302 48.21100514585332);M45_MWC34;22;Maschankzkagrund;;-1;JA;00:00-24:00 Uhr;Wintersperre;nein - gratis;unisex 1;;U;Damen und Herren;0043 1 4000 96530;MA 45;https://www.wien.gv.at/umwelt/gewaesser/;
WCANLAGE2OGD.fid-2de9d1ee_17ea1d361b7_-6cc1;104177;POINT (16.463538378616125 48.209386460318946);M45_MWC36;22;Dotterblumenweg;Unteres Mühlwasser;-1;JA;00:00-24:00 Uhr;Wintersperre;nein - gratis;unisex 1;;U;Damen und Herren;0043 1 4000 96530;MA 45;https://www.wien.gv.at/umwelt/gewaesser/;
WCANLAGE2OGD.fid-2de9d1ee_17ea1d361b7_-6cc0;104178;POINT (16.44211818633317 48.21983466526047);M45_MWC33;22;Kirschenalleeweg;ggü. 81 Oberes Mühlwasser;-1;JA;00:00-24:00 Uhr;Wintersperre;nein - gratis;unisex 1;;U;Damen und Herren;0043 1 4000 96530;MA 45;https://www.wien.gv.at/umwelt/gewaesser/;
WCANLAGE2OGD.fid-2de9d1ee_17ea1d361b7_-6cbf;104179;POINT (16.41131334848623 48.24868423454949);M45_MWC24;21;An der oberen Alten Donau;Uferpark Mühlschüttel;-1;JA;00:00-24:00 Uhr;ganzjährig ohne Einschränkungen;nein - gratis;unisex 1;;U;Damen und Herren;0043 1 4000 96530;MA 45;https://www.wien.gv.at/umwelt/gewaesser/;
WCANLAGE2OGD.fid-2de9d1ee_17ea1d361b7_-6cbe;104180;POINT (16.416983073123163 48.246344894868514);M45_MWC25;21;An der oberen Alten Donau;ggü. 121A;-1;JA;00:00-24:00 Uhr;Wintersperre;nein - gratis;unisex 1;;U;Damen und Herren;0043 1 4000 96530;MA 45;https://www.wien.gv.at/umwelt/gewaesser/;
WCANLAGE2OGD.fid-2de9d1ee_17ea1d361b7_-6cbd;104181;POINT (16.43242488774688 48.234207529584324);M45_MWC27;22;An der unteren Alten Donau;ggü. 35;-1;JA;00:00-24:00 Uhr;Wintersperre;nein - gratis;unisex 1;;U;Damen und Herren;0043 1 4000 96530;MA 45;https://www.wien.gv.at/umwelt/gewaesser/;
WCANLAGE2OGD.fid-2de9d1ee_17ea1d361b7_-6cbc;104182;POINT (16.429744544338092 48.238332231561515);M45_MWC26;22;Florian-Berndl-Gasse 2A;Kagraner Uferplatz;-1;JA;00:00-24:00 Uhr;ganzjährig ohne Einschränkungen;nein - gratis;unisex 1;;U;Damen und Herren;0043 1 4000 96530;MA 45;https://www.wien.gv.at/umwelt/gewaesser/;
WCANLAGE2OGD.fid-2de9d1ee_17ea1d361b7_-6cbb;104183;POINT (16.433335636485005 48.232786513278654);M45_BKZ05;22;An der unteren Alten Donau 51;Naturfreunde;-1;JA;Mo-Sa 10:00-19:00 Uhr So 9:00-19 Uhr;Wintersperre;Mo-Sa 10 - 19 Uhr So 9 - 19 Uhr - gratis;;;U;Damen und Herren;0043 1 4000 96530;MA 45;https://www.wien.gv.at/umwelt/gewaesser/;
WCANLAGE2OGD.fid-2de9d1ee_17ea1d361b7_-6cba;104184;POINT (16.41549463145434 48.24283286942605);M45_FWC21;21;Arbeiterstrandbadstraße 89;ArbeiterInnenstrand;-1;JA;00:00-24:00 Uhr;Wintersperre;nein - 0,50 €;Damen 1;;;;;;;
WCANLAGE2OGD.fid-2de9d1ee_17ea1d361b7_-6cb9;104185;POINT (16.436364556409547 48.22646303378606);M45_MWC75;22;An der unteren Alten Donau / Lange Allee;;-1;JA;00:00-24:00 Uhr;ganzjährig ohne Einschränkungen;nein - gratis;unisex 1;;;;;;;
WCANLAGE2OGD.fid-2de9d1ee_17ea1d361b7_-6cb8;104186;POINT (16.427351094629504 48.22340718268241);M45_MWC31;22;Schnitterweg / Harrachgasse;;-1;JA;00:00-24:00 Uhr;Wintersperre;nein - gratis;unisex 1;;U;Damen und Herren;0043 1 4000 96530;MA 45;https://www.wien.gv.at/umwelt/gewaesser/;
WCANLAGE2OGD.fid-2de9d1ee_17ea1d361b7_-6cb7;104187;POINT (16.43113475900071 48.22077954236604);M45_MWC55;22;Dampschiffhaufen 10;Strombucht;-1;JA;00:00-24:00 Uhr;Wintersperre;nein - gratis;unisex 1;;U;Damen und Herren;0043 1 4000 96530;MA 45;https://www.wien.gv.at/umwelt/gewaesser/;
WCANLAGE2OGD.fid-2de9d1ee_17ea1d361b7_-6cb6;104188;POINT (16.43111764844481 48.22077423702471);M45_MWC54;22;Dampschiffhaufen 10;Strombucht;-1;JA;00:00-24:00 Uhr;Wintersperre;nein - gratis;unisex 1;;U;Damen und Herren;0043 1 4000 96530;MA 45;https://www.wien.gv.at/umwelt/gewaesser/;
WCANLAGE2OGD.fid-2de9d1ee_17ea1d361b7_-6cb5;104189;POINT (16.431100609274857 48.22076896219876);M45_MWC53;22;Dampschiffhaufen 10;Strombucht;-1;JA;00:00-24:00 Uhr;Wintersperre;nein - gratis;unisex 1;;U;Damen und Herren;0043 1 4000 96530;MA 45;https://www.wien.gv.at/umwelt/gewaesser/;
WCANLAGE2OGD.fid-2de9d1ee_17ea1d361b7_-6cb4;104190;POINT (16.4310841764656 48.22076337030883);M45_MWC56;22;Dampschiffhaufen 10;Strombucht;-1;JA;00:00-24:00 Uhr;Wintersperre;nein - gratis;unisex 1;;U;Damen und Herren;0043 1 4000 96530;MA 45;https://www.wien.gv.at/umwelt/gewaesser/;
WCANLAGE2OGD.fid-2de9d1ee_17ea1d361b7_-6cb3;104191;POINT (16.43698736274767 48.21708396037497);M45_MWC68;22;An der unteren Alten Donau;ggü. 239;-1;JA;00:00-24:00 Uhr;ganzjährig ohne Einschränkungen;nein - gratis;unisex 1;;;;;;;
WCANLAGE2OGD.fid-2de9d1ee_17ea1d361b7_-6cb2;104192;POINT (16.43626292728571 48.22138452580933);M45_MWC70;22;An der unteren Alten Donau;ggü. 169;-1;JA;00:00-24:00 Uhr;Wintersperre;nein - gratis;unisex 1;;;;;;;
WCANLAGE2OGD.fid-2de9d1ee_17ea1d361b7_-6cb1;104193;POINT (16.437225296766783 48.21671259184255);M45_MWC62;22;An der unteren Alten Donau;ggü. 239;-1;JA;00:00-24:00 Uhr;Wintersperre;nein - gratis;unisex 1;;U;Damen und Herren;0043 1 4000 96530;MA 45;https://www.wien.gv.at/umwelt/gewaesser/;
WCANLAGE2OGD.fid-2de9d1ee_17ea1d361b7_-6cb0;104194;POINT (16.436394916036356 48.219140191349226);M45_MWC28;22;An der unteren Alten Donau;ggü. 211;-1;JA;00:00-24:00 Uhr;Wintersperre;nein - gratis;unisex 1;;U;Damen und Herren;0043 1 4000 96530;MA 45;https://www.wien.gv.at/umwelt/gewaesser/;
WCANLAGE2OGD.fid-2de9d1ee_17ea1d361b7_-6caf;104195;POINT (16.43638647307854 48.21918024544877);M45_MWC69;22;An der unteren Alten Donau;ggü. 211;-1;JA;00:00-24:00 Uhr;Wintersperre;nein - gratis;unisex 1;;;;;;;
WCANLAGE2OGD.fid-2de9d1ee_17ea1d361b7_-6cae;104196;POINT (16.43640493125139 48.222925446992186);M45_MWC57;22;An der unteren Alten Donau;ggü. 151;-1;JA;00:00-24:00 Uhr;Wintersperre;nein - gratis;unisex 1;;U;Damen und Herren;0043 1 4000 96530;MA 45;https://www.wien.gv.at/umwelt/gewaesser/;
WCANLAGE2OGD.fid-2de9d1ee_17ea1d361b7_-6cad;104197;POINT (16.43637517111697 48.222927614223586);M45_MWC58;22;An der unteren Alten Donau;ggü. 151;-1;JA;00:00-24:00 Uhr;Wintersperre;nein - gratis;unisex 1;;U;Damen und Herren;0043 1 4000 96530;MA 45;https://www.wien.gv.at/umwelt/gewaesser/;
WCANLAGE2OGD.fid-2de9d1ee_17ea1d361b7_-6cac;104198;POINT (16.436387921350086 48.22291857483477);M45_MWC71;22;An der unteren Alten Donau;ggü. 151;-1;JA;00:00-24:00 Uhr;ganzjährig ohne Einschränkungen;nein - gratis;unisex 1;;;;;;;
WCANLAGE2OGD.fid-2de9d1ee_17ea1d361b7_-6cab;104199;POINT (16.412170262728615 48.23053652255695);M45_MWC79;22;Copa Beach - Skaterpark;ND km 12,5 - stromauf der Reichsbrücke;-1;JA;00:00-24:00 Uhr;Wintersperre;nein - gratis;unisex 1;;;;;;;
WCANLAGE2OGD.fid-2de9d1ee_17ea1d361b7_-6caa;104200;POINT (16.412186138767794 48.23050992820005);M45_MWC80;22;Copa Beach - Skaterpark;ND km 12,5 - stromauf der Reichsbrücke;-1;JA;00:00-24:00 Uhr;Wintersperre;nein - gratis;Damen 1;;U;Damen und Herren;0043 1 4000 96530;MA 45;https://www.wien.gv.at/umwelt/gewaesser/;
WCANLAGE2OGD.fid-2de9d1ee_17ea1d361b7_-6ca9;104201;POINT (16.412198831438324 48.230483335946936);M45_MWC81;22;Copa Beach - Skaterpark;ND km 12,5 - stromauf der Reichsbrücke;-1;JA;00:00-24:00 Uhr;Wintersperre;nein - gratis;Herren 1;;;;;;;
WCANLAGE2OGD.fid-2de9d1ee_17ea1d361b7_-6ca8;104202;POINT (16.431336720872316 48.216912003383314);M45_MWC76;22;Neue Donau;ND - km 10,3 Grillplatz 8;-1;JA;00:00-24:00 Uhr;Wintersperre;nein - gratis;unisex 1;;;;;;;
WCANLAGE2OGD.fid-2de9d1ee_17ea1d361b7_-6ca7;104203;POINT (16.431294347920108 48.21693427866498);M45_MWC77;22;Neue Donau;ND - km 10,3 Grillplatz 8;-1;JA;00:00-24:00 Uhr;Wintersperre;nein - gratis;unisex 1;;U;Damen und Herren;0043 1 4000 96530;MA 45;https://www.wien.gv.at/umwelt/gewaesser/;
WCANLAGE2OGD.fid-2de9d1ee_17ea1d361b7_-6ca6;104204;POINT (16.43137452982059 48.21689147564977);M45_MWC78;22;Neue Donau;ND - km 10,3 Grillplatz 8;-1;JA;00:00-24:00 Uhr;Wintersperre;nein - gratis;unisex 1;;U;Damen und Herren;0043 1 4000 96530;MA 45;https://www.wien.gv.at/umwelt/gewaesser/;
WCANLAGE2OGD.fid-2de9d1ee_17ea1d361b7_-6ca5;104205;POINT (16.43227946725914 48.21612625209583);M45_MWC82;22;Neue Donau;ND - km 10,3 Grillplatz 8;-1;JA;00:00-24:00 Uhr;Wintersperre;nein - gratis;unisex 1;;;;;;;
WCANLAGE2OGD.fid-2de9d1ee_17ea1d361b7_-6ca4;104206;POINT (16.43231010246182 48.21610834617501);M45_MWC83;22;Neue Donau;ND - km 10,3 Grillplatz 8;-1;JA;00:00-24:00 Uhr;Wintersperre;nein - gratis;unisex 1;;U;Damen und Herren;0043 1 4000 96530;MA 45;https://www.wien.gv.at/umwelt/gewaesser/;
